time,latency_ms
19:55:27.342,2.15
19:55:27.353,0.06
19:55:27.364,0.07
19:55:27.374,0.08
19:55:27.385,0.07
19:55:27.395,0.09
19:55:27.406,0.09
19:55:27.416,0.07
19:55:27.427,0.10
19:55:27.437,0.05
19:55:27.447,1.51
19:55:27.458,0.06
19:55:27.468,0.08
19:55:27.478,0.08
19:55:27.489,0.06
19:55:27.499,0.08
19:55:27.510,0.09
19:55:27.520,0.10
19:55:27.531,0.12
19:55:27.541,0.09
19:55:27.551,0.10
19:55:27.562,0.10
19:55:27.573,0.06
19:55:27.583,0.61
19:55:27.594,0.06
19:55:27.604,0.06
19:55:27.615,0.62
19:55:27.625,0.06
19:55:27.635,0.09
19:55:27.646,0.16
19:55:27.657,0.10
19:55:27.667,0.09
19:55:27.677,0.77
19:55:27.688,0.05
19:55:27.698,0.11
19:55:27.709,0.75
19:55:27.719,0.07
19:55:27.730,0.18
19:55:27.740,0.75
19:55:27.751,0.08
19:55:27.761,0.10
19:55:27.771,0.16
19:55:27.782,0.07
19:55:27.792,0.06
19:55:27.803,0.61
19:55:27.813,0.05
19:55:27.823,0.07
19:55:27.834,0.06
19:55:27.844,0.08
19:55:27.855,0.09
19:55:27.865,0.11
19:55:27.876,0.11
19:55:27.886,0.07
19:55:27.896,0.22
19:55:27.907,0.11
19:55:27.918,0.11
19:55:27.928,0.09
19:55:27.939,0.06
19:55:27.949,0.06
19:55:27.959,0.09
19:55:27.970,0.08
19:55:27.980,0.08
19:55:27.991,0.11
19:55:28.001,0.09
19:55:28.012,0.05
19:55:28.022,0.06
19:55:28.033,0.08
19:55:28.044,0.07
19:55:28.054,0.06
19:55:28.064,0.08
19:55:28.074,0.07
19:55:28.085,0.11
19:55:28.095,0.09
19:55:28.105,0.07
19:55:28.116,0.08
19:55:28.127,0.48
19:55:28.137,0.09
19:55:28.147,0.07
19:55:28.158,0.05
19:55:28.168,0.10
19:55:28.179,0.07
19:55:28.189,0.05
19:55:28.199,0.09
19:55:28.210,0.06
19:55:28.220,0.07
19:55:28.231,0.09
19:55:28.241,3.30
19:55:28.252,0.06
19:55:28.263,0.07
19:55:28.273,0.09
19:55:28.284,0.07
19:55:28.294,0.09
19:55:28.305,0.08
19:55:28.315,0.32
19:55:28.326,0.10
19:55:28.336,0.09
19:55:28.346,0.25
19:55:28.357,0.11
19:55:28.368,0.11
19:55:28.378,0.33
19:55:28.388,0.08
19:55:28.399,0.09
19:55:28.409,0.09
19:55:28.420,0.07
19:55:28.430,0.08
19:55:28.441,6.23
19:55:28.451,6.45
19:55:28.462,0.06
19:55:28.472,0.09
19:55:28.483,0.10
19:55:28.493,0.08
19:55:28.503,0.07
19:55:28.514,0.12
19:55:28.524,0.09
19:55:28.535,0.10
19:55:28.545,0.06
19:55:28.556,0.06
19:55:28.566,0.05
19:55:28.577,0.06
19:55:28.587,0.07
19:55:28.598,0.10
19:55:28.608,0.07
19:55:28.618,0.09
19:55:28.629,0.05
19:55:28.639,0.09
19:55:28.650,0.10
19:55:28.661,0.07
19:55:28.671,0.09
19:55:28.681,0.10
19:55:28.691,0.13
19:55:28.702,0.11
19:55:28.712,0.07
19:55:28.723,0.08
19:55:28.734,0.53
19:55:28.744,0.06
19:55:28.754,0.06
19:55:28.765,0.08
19:55:28.775,0.06
19:55:28.786,0.08
19:55:28.796,0.09
19:55:28.806,0.09
19:55:28.817,0.06
19:55:28.827,0.08
19:55:28.838,0.08
19:55:28.848,0.11
19:55:28.859,0.67
19:55:28.870,0.09
19:55:28.880,0.06
19:55:28.891,0.10
19:55:28.901,0.08
19:55:28.912,0.56
19:55:28.922,0.09
19:55:28.932,0.11
19:55:28.943,0.14
19:55:28.953,0.12
19:55:28.963,0.08
19:55:28.974,0.07
19:55:28.984,0.07
19:55:28.995,0.12
19:55:29.005,0.09
19:55:29.016,0.05
19:55:29.026,0.10
19:55:29.036,0.08
19:55:29.047,0.06
19:55:29.057,0.10
19:55:29.067,0.11
19:55:29.078,0.08
19:55:29.088,0.05
19:55:29.099,0.07
19:55:29.109,0.14
19:55:29.119,0.07
19:55:29.130,0.06
19:55:29.140,0.10
19:55:29.150,0.08
19:55:29.161,0.08
19:55:29.171,0.07
19:55:29.182,0.08
19:55:29.192,0.05
19:55:29.203,0.06
19:55:29.213,0.06
19:55:29.224,0.11
19:55:29.234,0.09
19:55:29.244,0.11
19:55:29.255,0.07
19:55:29.265,0.06
19:55:29.276,0.52
19:55:29.286,0.04
19:55:29.296,0.12
19:55:29.307,0.51
19:55:29.317,0.08
19:55:29.328,0.09
19:55:29.338,0.15
19:55:29.349,0.06
19:55:29.359,0.07
19:55:29.370,0.17
19:55:29.380,0.06
19:55:29.390,0.10
19:55:29.401,0.40
19:55:29.411,0.07
19:55:29.422,0.11
19:55:29.432,0.55
19:55:29.443,3.43
19:55:29.454,1.84
19:55:29.464,0.08
19:55:29.475,0.15
19:55:29.485,0.04
19:55:29.495,0.06
19:55:29.506,0.06
19:55:29.516,0.05
19:55:29.527,0.07
19:55:29.537,0.07
19:55:29.548,0.08
19:55:29.558,0.06
19:55:29.569,0.09
19:55:29.579,0.07
19:55:29.590,0.04
19:55:29.600,0.07
19:55:29.610,0.06
19:55:29.621,0.05
19:55:29.631,0.05
19:55:29.642,0.08
19:55:29.652,0.05
19:55:29.662,0.04
19:55:29.672,0.06
19:55:29.683,0.04
19:55:29.693,0.06
19:55:29.704,0.09
19:55:29.714,0.21
19:55:29.724,0.05
19:55:29.735,0.07
19:55:29.745,0.57
19:55:29.756,0.30
19:55:29.767,0.07
19:55:29.777,0.88
19:55:29.788,0.11
19:55:29.798,0.07
19:55:29.809,0.48
19:55:29.819,0.07
19:55:29.830,0.09
19:55:29.840,0.28
19:55:29.850,0.07
19:55:29.861,0.07
19:55:29.871,0.60
19:55:29.882,0.06
19:55:29.892,0.06
19:55:29.903,1.01
19:55:29.913,0.04
19:55:29.924,0.10
19:55:29.935,0.22
19:55:29.945,0.07
19:55:29.956,0.07
19:55:29.966,0.12
19:55:29.977,0.10
19:55:29.987,0.06
19:55:29.998,0.13
19:55:30.008,0.08
19:55:30.018,0.08
19:55:30.029,0.04
19:55:30.039,0.09
19:55:30.050,0.05
19:55:30.060,0.04
19:55:30.071,0.07
19:55:30.081,0.05
19:55:30.091,0.05
19:55:30.102,0.08
19:55:30.112,0.06
19:55:30.123,0.07
19:55:30.133,0.07
19:55:30.144,0.06
19:55:30.154,0.05
19:55:30.164,0.08
19:55:30.175,0.06
19:55:30.185,0.10
19:55:30.195,0.08
19:55:30.205,0.08
19:55:30.216,0.04
19:55:30.226,0.06
19:55:30.237,0.07
19:55:30.247,0.06
19:55:30.258,0.06
19:55:30.268,0.13
19:55:30.278,0.06
19:55:30.289,0.04
19:55:30.300,0.06
19:55:30.310,0.05
19:55:30.320,0.08
19:55:30.331,0.07
19:55:30.341,0.06
19:55:30.352,0.10
19:55:30.362,0.13
19:55:30.373,0.07
19:55:30.383,0.08
19:55:30.394,0.08
19:55:30.404,0.10
19:55:30.415,0.05
19:55:30.425,0.07
19:55:30.435,0.08
19:55:30.446,3.62
19:55:30.456,2.67
19:55:30.467,0.07
19:55:30.479,0.54
19:55:30.490,0.13
19:55:30.500,0.07
19:55:30.511,0.05
19:55:30.522,0.05
19:55:30.532,0.07
19:55:30.542,0.06
19:55:30.553,0.10
19:55:30.563,0.05
19:55:30.573,0.10
19:55:30.584,0.09
19:55:30.594,0.07
19:55:30.605,0.07
19:55:30.615,0.08
19:55:30.625,0.07
19:55:30.636,0.10
19:55:30.646,0.11
19:55:30.657,0.07
19:55:30.667,0.06
19:55:30.678,0.09
19:55:30.688,0.15
19:55:30.700,0.09
19:55:30.710,0.07
19:55:30.721,0.05
19:55:30.731,0.08
19:55:30.742,0.10
19:55:30.752,0.10
19:55:30.762,0.08
19:55:30.772,0.10
19:55:30.783,0.16
19:55:30.793,0.08
19:55:30.804,0.10
19:55:30.814,0.10
19:55:30.824,0.09
19:55:30.835,0.09
19:55:30.845,0.07
19:55:30.856,0.06
19:55:30.866,0.35
19:55:30.877,0.08
19:55:30.887,0.10
19:55:30.898,0.45
19:55:30.908,0.16
19:55:30.919,0.09
19:55:30.929,0.32
19:55:30.940,0.10
19:55:30.950,0.11
19:55:30.963,0.77
19:55:30.973,0.08
19:55:30.984,0.07
19:55:30.994,0.09
19:55:31.004,0.12
19:55:31.015,0.10
19:55:31.025,0.29
19:55:31.036,0.15
19:55:31.046,0.10
19:55:31.057,0.06
19:55:31.067,0.08
19:55:31.078,0.06
19:55:31.088,0.05
19:55:31.098,0.09
19:55:31.109,0.09
19:55:31.120,0.09
19:55:31.131,0.05
19:55:31.141,0.14
19:55:31.152,0.09
19:55:31.162,0.08
19:55:31.173,0.11
19:55:31.183,0.07
19:55:31.194,0.06
19:55:31.204,0.09
19:55:31.217,0.07
19:55:31.227,0.36
19:55:31.238,0.05
19:55:31.248,0.07
19:55:31.258,0.63
19:55:31.269,0.11
19:55:31.279,0.07
19:55:31.289,0.54
19:55:31.300,0.10
19:55:31.310,0.06
19:55:31.321,0.11
19:55:31.331,0.06
19:55:31.341,0.06
19:55:31.351,0.08
19:55:31.361,0.05
19:55:31.372,0.10
19:55:31.382,0.06
19:55:31.393,0.07
19:55:31.403,0.09
19:55:31.413,0.05
19:55:31.424,0.06
19:55:31.434,0.09
19:55:31.445,5.69
19:55:31.455,4.33
19:55:31.465,0.09
19:55:31.476,0.06
19:55:31.486,0.11
19:55:31.497,0.06
19:55:31.508,0.05
19:55:31.518,0.08
19:55:31.528,0.09
19:55:31.539,0.27
19:55:31.549,0.09
19:55:31.559,0.09
19:55:31.570,0.45
19:55:31.580,0.08
19:55:31.590,0.09
19:55:31.601,0.55
19:55:31.611,0.11
19:55:31.622,0.15
19:55:31.632,0.07
19:55:31.643,0.08
19:55:31.653,0.05
19:55:31.663,0.13
19:55:31.674,0.13
19:55:31.684,0.07
19:55:31.694,0.54
19:55:31.705,0.11
19:55:31.716,0.09
19:55:31.726,0.56
19:55:31.736,0.07
19:55:31.747,0.09
19:55:31.758,0.86
19:55:31.769,0.07
19:55:31.779,0.10
19:55:31.789,0.07
19:55:31.800,0.11
19:55:31.810,0.09
19:55:31.820,0.10
19:55:31.831,0.07
19:55:31.841,0.07
19:55:31.852,0.07
19:55:31.862,0.04
19:55:31.872,0.09
19:55:31.883,0.83
19:55:31.893,0.10
19:55:31.903,0.07
19:55:31.914,0.29
19:55:31.924,0.12
19:55:31.935,0.10
19:55:31.945,0.42
19:55:31.956,0.05
19:55:31.966,0.13
19:55:31.976,0.21
19:55:31.987,0.09
19:55:31.997,0.11
19:55:32.007,0.08
19:55:32.018,0.05
19:55:32.028,0.05
19:55:32.039,0.06
19:55:32.049,0.04
19:55:32.060,0.06
19:55:32.070,0.06
19:55:32.081,0.16
19:55:32.091,0.13
19:55:32.101,0.12
19:55:32.112,0.06
19:55:32.122,0.06
19:55:32.133,0.09
19:55:32.143,3.87
19:55:32.154,0.05
19:55:32.164,0.12
19:55:32.175,0.06
19:55:32.185,0.10
19:55:32.196,0.10
19:55:32.207,0.11
19:55:32.217,0.11
19:55:32.228,0.06
19:55:32.238,0.08
19:55:32.249,0.05
19:55:32.259,0.05
19:55:32.269,0.10
19:55:32.280,0.09
19:55:32.290,0.05
19:55:32.300,0.08
19:55:32.311,0.08
19:55:32.321,0.08
19:55:32.332,0.09
19:55:32.342,0.07
19:55:32.353,0.10
19:55:32.363,0.42
19:55:32.374,0.06
19:55:32.385,0.09
19:55:32.395,0.07
19:55:32.405,0.11
19:55:32.416,0.07
19:55:32.426,0.05
19:55:32.436,0.11
19:55:32.447,0.77
19:55:32.457,2.66
19:55:32.468,0.11
19:55:32.478,0.10
19:55:32.489,0.08
19:55:32.500,0.07
19:55:32.510,0.09
19:55:32.521,0.84
19:55:32.531,0.07
19:55:32.542,0.12
19:55:32.552,0.06
19:55:32.563,0.05
19:55:32.573,0.10
19:55:32.584,0.04
19:55:32.594,0.09
19:55:32.605,0.09
19:55:32.615,0.08
19:55:32.626,0.07
19:55:32.636,0.07
19:55:32.647,0.05
19:55:32.657,0.08
19:55:32.667,0.09
19:55:32.678,0.04
19:55:32.688,0.08
19:55:32.699,0.15
19:55:32.709,0.08
19:55:32.720,0.07
19:55:32.730,0.07
19:55:32.741,0.08
19:55:32.751,0.07
19:55:32.762,0.08
19:55:32.772,0.08
19:55:32.782,0.06
19:55:32.792,0.06
19:55:32.803,0.06
19:55:32.813,0.08
19:55:32.824,0.10
19:55:32.834,0.11
19:55:32.845,0.06
19:55:32.855,0.08
19:55:32.866,0.06
19:55:32.876,0.09
19:55:32.887,0.07
19:55:32.897,0.07
19:55:32.908,0.14
19:55:32.918,0.09
19:55:32.928,0.08
19:55:32.939,0.09
19:55:32.949,0.12
19:55:32.960,0.05
19:55:32.970,0.10
19:55:32.980,0.10
19:55:32.991,0.04
19:55:33.001,0.07
19:55:33.012,0.08
19:55:33.023,0.07
19:55:33.033,0.08
19:55:33.044,1.55
19:55:33.054,0.09
19:55:33.065,0.07
19:55:33.075,0.10
19:55:33.086,0.09
19:55:33.096,0.12
19:55:33.107,0.08
19:55:33.117,0.06
19:55:33.128,0.07
19:55:33.138,0.12
19:55:33.149,0.10
19:55:33.159,0.06
19:55:33.169,0.10
19:55:33.179,0.09
19:55:33.190,0.07
19:55:33.200,0.09
19:55:33.210,0.08
19:55:33.221,0.06
19:55:33.231,0.08
19:55:33.242,0.11
19:55:33.252,0.10
19:55:33.262,0.13
19:55:33.273,0.10
19:55:33.283,0.12
19:55:33.295,0.09
19:55:33.306,0.10
19:55:33.316,0.06
19:55:33.327,0.05
19:55:33.337,0.10
19:55:33.348,0.06
19:55:33.359,0.07
19:55:33.369,0.09
19:55:33.380,0.06
19:55:33.390,0.05
19:55:33.400,0.08
19:55:33.412,0.47
19:55:33.422,0.11
19:55:33.433,0.09
19:55:33.443,0.56
19:55:33.453,0.08
19:55:33.464,0.16
19:55:33.474,0.07
19:55:33.484,0.08
19:55:33.495,0.06
19:55:33.505,0.10
19:55:33.516,0.12
19:55:33.526,0.07
19:55:33.536,0.11
19:55:33.547,0.09
19:55:33.557,0.08
19:55:33.568,0.08
19:55:33.578,0.10
19:55:33.588,0.10
19:55:33.599,0.06
19:55:33.609,0.07
19:55:33.620,0.07
19:55:33.630,0.05
19:55:33.640,0.07
19:55:33.651,0.08
19:55:33.661,0.06
19:55:33.671,0.11
19:55:33.682,0.07
19:55:33.692,0.08
19:55:33.702,0.09
19:55:33.712,0.09
19:55:33.723,0.87
19:55:33.733,0.08
19:55:33.744,0.09
19:55:33.754,0.92
19:55:33.765,0.08
19:55:33.775,0.13
19:55:33.786,0.36
19:55:33.796,0.05
19:55:33.806,0.06
19:55:33.817,0.05
19:55:33.829,0.10
19:55:33.839,0.07
19:55:33.849,0.05
19:55:33.859,0.08
19:55:33.870,0.12
19:55:33.881,0.07
19:55:33.891,0.11
19:55:33.901,0.09
19:55:33.911,0.05
19:55:33.922,0.06
19:55:33.933,0.06
19:55:33.943,1.92
19:55:33.954,0.07
19:55:33.964,0.07
19:55:33.974,0.05
19:55:33.987,0.09
19:55:33.997,0.07
19:55:34.008,0.08
19:55:34.018,0.05
19:55:34.029,0.14
19:55:34.039,0.11
19:55:34.049,0.11
19:55:34.060,0.04
19:55:34.070,0.07
19:55:34.081,0.05
19:55:34.091,0.07
19:55:34.101,0.09
19:55:34.112,0.32
19:55:34.122,0.09
19:55:34.133,0.07
19:55:34.143,0.06
19:55:34.153,0.07
19:55:34.164,0.06
19:55:34.174,0.06
19:55:34.184,0.06
19:55:34.194,0.07
19:55:34.205,0.06
19:55:34.216,0.06
19:55:34.226,0.07
19:55:34.237,0.05
19:55:34.247,0.09
19:55:34.257,0.04
19:55:34.268,0.09
19:55:34.278,0.09
19:55:34.289,0.06
19:55:34.299,0.08
19:55:34.310,0.09
19:55:34.320,0.04
19:55:34.331,0.06
19:55:34.341,0.09
19:55:34.351,0.07
19:55:34.362,0.04
19:55:34.372,0.09
19:55:34.382,0.07
19:55:34.393,0.10
19:55:34.403,0.09
19:55:34.414,0.09
19:55:34.424,0.07
19:55:34.435,0.13
19:55:34.445,2.76
19:55:34.456,1.22
19:55:34.466,0.08
19:55:34.476,0.09
19:55:34.487,0.10
19:55:34.497,0.10
19:55:34.508,0.14
19:55:34.518,0.09
19:55:34.529,0.12
19:55:34.539,0.07
19:55:34.550,0.53
19:55:34.560,0.13
19:55:34.571,0.10
19:55:34.582,0.05
19:55:34.592,0.04
19:55:34.602,0.10
19:55:34.613,0.05
19:55:34.623,0.12
19:55:34.634,0.08
19:55:34.644,0.07
19:55:34.655,0.13
19:55:34.665,0.06
19:55:34.676,0.05
19:55:34.686,0.08
19:55:34.696,0.04
19:55:34.707,0.05
19:55:34.717,0.07
19:55:34.728,0.10
19:55:34.738,0.07
19:55:34.749,0.05
19:55:34.759,0.05
19:55:34.769,0.06
19:55:34.780,0.07
19:55:34.790,0.09
19:55:34.801,0.09
19:55:34.811,0.13
19:55:34.821,0.07
19:55:34.832,0.07
19:55:34.842,3.59
19:55:34.853,0.06
19:55:34.863,0.07
19:55:34.874,0.06
19:55:34.884,0.08
19:55:34.895,0.07
19:55:34.905,0.10
19:55:34.915,0.09
19:55:34.926,0.07
19:55:34.936,0.09
19:55:34.947,0.10
19:55:34.957,0.06
19:55:34.967,0.07
19:55:34.978,0.10
19:55:34.988,0.05
19:55:34.998,0.06
19:55:35.009,0.06
19:55:35.019,0.06
19:55:35.029,0.08
19:55:35.040,0.08
19:55:35.050,0.10
19:55:35.061,0.17
19:55:35.071,0.12
19:55:35.082,0.07
19:55:35.092,0.05
19:55:35.102,0.10
19:55:35.113,0.08
19:55:35.123,0.09
19:55:35.133,0.07
19:55:35.144,1.77
19:55:35.154,0.10
19:55:35.165,0.06
19:55:35.175,0.09
19:55:35.185,0.07
19:55:35.196,0.14
19:55:35.207,0.09
19:55:35.217,0.07
19:55:35.228,0.11
19:55:35.238,0.07
19:55:35.249,0.06
19:55:35.260,0.05
19:55:35.270,0.08
19:55:35.281,0.05
19:55:35.291,0.08
19:55:35.301,0.11
19:55:35.312,0.09
19:55:35.322,0.07
19:55:35.332,0.10
19:55:35.343,0.06
19:55:35.353,0.04
19:55:35.364,0.09
19:55:35.374,0.06
19:55:35.385,0.10
19:55:35.395,0.06
19:55:35.406,0.13
19:55:35.416,0.12
19:55:35.426,0.11
19:55:35.437,0.09
19:55:35.447,2.09
19:55:35.458,1.34
19:55:35.469,0.06
19:55:35.479,0.10
19:55:35.490,0.07
19:55:35.500,0.12
19:55:35.510,0.05
19:55:35.521,0.09
19:55:35.531,0.07
19:55:35.541,0.07
19:55:35.552,0.13
19:55:35.562,0.05
19:55:35.573,0.10
19:55:35.583,0.08
19:55:35.593,0.06
19:55:35.604,0.06
19:55:35.614,0.07
19:55:35.624,0.08
19:55:35.635,0.11
19:55:35.645,0.09
19:55:35.656,0.07
19:55:35.666,0.10
19:55:35.676,0.09
19:55:35.687,0.08
19:55:35.697,0.11
19:55:35.708,0.08
19:55:35.718,0.06
19:55:35.728,0.09
19:55:35.738,0.08
19:55:35.749,0.07
19:55:35.760,0.05
19:55:35.770,0.11
19:55:35.780,0.07
19:55:35.791,0.06
19:55:35.801,0.09
19:55:35.812,0.07
19:55:35.822,0.10
19:55:35.833,0.08
19:55:35.843,0.05
19:55:35.854,0.05
19:55:35.864,0.10
19:55:35.874,0.22
19:55:35.885,0.06
19:55:35.895,0.06
19:55:35.905,0.18
19:55:35.916,0.08
19:55:35.927,0.06
19:55:35.937,0.14
19:55:35.947,0.07
19:55:35.958,0.11
19:55:35.968,0.10
19:55:35.978,0.15
19:55:35.989,0.09
19:55:35.999,0.10
19:55:36.010,0.11
19:55:36.020,0.08
19:55:36.030,1.72
19:55:36.041,0.16
19:55:36.051,0.07
19:55:36.062,0.06
19:55:36.073,0.09
19:55:36.083,0.08
19:55:36.094,0.06
19:55:36.104,0.08
19:55:36.115,0.12
19:55:36.125,1.01
19:55:36.136,0.06
19:55:36.146,0.17
19:55:36.156,0.65
19:55:36.167,0.11
19:55:36.177,0.05
19:55:36.188,0.06
19:55:36.199,0.07
19:55:36.209,0.11
19:55:36.220,0.53
19:55:36.230,0.12
19:55:36.241,0.08
19:55:36.251,0.41
19:55:36.262,0.06
19:55:36.272,0.12
19:55:36.282,0.09
19:55:36.293,0.08
19:55:36.303,0.07
19:55:36.313,0.63
19:55:36.323,0.09
19:55:36.334,0.09
19:55:36.344,0.92
19:55:36.355,0.09
19:55:36.365,0.09
19:55:36.376,0.05
19:55:36.386,0.07
19:55:36.397,0.06
19:55:36.407,0.19
19:55:36.418,0.09
19:55:36.428,0.11
19:55:36.439,0.09
19:55:36.449,0.11
19:55:36.460,0.10
19:55:36.470,0.07
19:55:36.481,0.38
19:55:36.491,0.05
19:55:36.502,0.11
19:55:36.512,0.04
19:55:36.523,0.10
19:55:36.533,0.07
19:55:36.544,0.06
19:55:36.557,0.07
19:55:36.568,0.08
19:55:36.579,0.05
19:55:36.589,0.06
19:55:36.600,0.06
19:55:36.610,0.06
19:55:36.621,0.05
19:55:36.631,0.17
19:55:36.642,3.39
19:55:36.652,0.05
19:55:36.663,0.09
19:55:36.673,0.06
19:55:36.684,0.07
19:55:36.695,0.08
19:55:36.705,0.10
19:55:36.715,0.09
19:55:36.725,0.07
19:55:36.736,0.06
19:55:36.746,0.05
19:55:36.757,0.06
19:55:36.767,0.15
19:55:36.778,0.09
19:55:36.788,0.07
19:55:36.798,0.07
19:55:36.809,0.06
19:55:36.819,0.08
19:55:36.830,0.10
19:55:36.840,0.11
19:55:36.851,0.08
19:55:36.861,0.07
19:55:36.872,0.11
19:55:36.883,0.08
19:55:36.893,0.09
19:55:36.903,0.11
19:55:36.913,0.18
19:55:36.924,0.11
19:55:36.934,0.09
19:55:36.944,1.08
19:55:36.955,0.09
19:55:36.966,0.12
19:55:36.976,0.07
19:55:36.986,0.10
19:55:36.997,0.57
19:55:37.007,0.08
19:55:37.018,0.11
19:55:37.028,0.47
19:55:37.039,0.11
19:55:37.049,0.10
19:55:37.060,0.07
19:55:37.070,0.11
19:55:37.081,0.08
19:55:37.091,0.19
19:55:37.102,0.11
19:55:37.112,0.09
19:55:37.122,0.21
19:55:37.133,0.09
19:55:37.143,0.10
19:55:37.154,0.07
19:55:37.164,0.10
19:55:37.175,0.13
19:55:37.185,0.48
19:55:37.196,0.18
19:55:37.207,0.07
19:55:37.217,0.39
19:55:37.228,0.11
19:55:37.238,0.08
19:55:37.248,0.06
19:55:37.259,0.07
19:55:37.269,0.11
19:55:37.280,0.17
19:55:37.290,0.07
19:55:37.300,0.10
19:55:37.311,0.41
19:55:37.321,0.05
19:55:37.332,0.08
19:55:37.342,0.76
19:55:37.353,0.05
19:55:37.363,0.08
19:55:37.374,0.53
19:55:37.384,0.10
19:55:37.394,0.10
19:55:37.404,0.71
19:55:37.415,0.10
19:55:37.426,0.05
19:55:37.436,0.59
19:55:37.447,0.08
19:55:37.457,0.05
19:55:37.468,0.39
19:55:37.478,0.44
19:55:37.489,0.08
19:55:37.499,0.36
19:55:37.510,0.07
19:55:37.520,0.10
19:55:37.530,0.55
19:55:37.541,0.09
19:55:37.551,0.08
19:55:37.562,0.90
19:55:37.572,0.08
19:55:37.583,0.11
19:55:37.593,0.04
19:55:37.604,0.06
19:55:37.614,0.07
19:55:37.624,0.10
19:55:37.635,0.10
19:55:37.645,0.11
19:55:37.655,0.07
19:55:37.665,0.08
19:55:37.676,0.10
19:55:37.686,0.07
19:55:37.696,0.07
19:55:37.707,0.09
19:55:37.717,0.06
19:55:37.728,0.12
19:55:37.738,0.07
19:55:37.749,0.06
19:55:37.759,0.10
19:55:37.770,0.08
19:55:37.780,0.06
19:55:37.790,0.06
19:55:37.801,0.14
19:55:37.811,0.06
19:55:37.822,0.07
19:55:37.832,0.09
19:55:37.842,3.43
19:55:37.852,0.06
19:55:37.862,0.07
19:55:37.873,0.06
19:55:37.883,0.21
19:55:37.894,0.09
19:55:37.904,0.11
19:55:37.915,0.08
19:55:37.925,0.10
19:55:37.936,0.10
19:55:37.946,0.38
19:55:37.956,0.12
19:55:37.967,0.07
19:55:37.977,0.09
19:55:37.987,0.08
19:55:37.998,0.10
19:55:38.008,0.07
19:55:38.019,0.10
19:55:38.029,0.07
19:55:38.040,0.08
19:55:38.050,0.08
19:55:38.061,0.10
19:55:38.071,0.12
19:55:38.081,0.06
19:55:38.092,0.08
19:55:38.102,0.11
19:55:38.113,0.11
19:55:38.123,0.08
19:55:38.134,0.10
19:55:38.144,0.56
19:55:38.155,0.11
19:55:38.165,0.08
19:55:38.176,0.13
19:55:38.186,0.07
19:55:38.196,0.10
19:55:38.207,0.13
19:55:38.218,0.17
19:55:38.228,0.06
19:55:38.239,0.08
19:55:38.249,0.10
19:55:38.259,0.12
19:55:38.269,0.10
19:55:38.280,0.08
19:55:38.290,0.06
19:55:38.301,0.19
19:55:38.311,0.08
19:55:38.322,0.94
19:55:38.332,0.08
19:55:38.343,0.09
19:55:38.353,0.09
19:55:38.363,0.09
19:55:38.373,0.10
19:55:38.384,0.24
19:55:38.394,0.11
19:55:38.405,0.05
19:55:38.415,0.14
19:55:38.426,0.10
19:55:38.436,0.23
19:55:38.447,5.38
19:55:38.457,4.15
19:55:38.467,0.07
19:55:38.478,0.39
19:55:38.488,0.07
19:55:38.498,0.10
19:55:38.509,0.20
19:55:38.519,0.05
19:55:38.530,0.22
19:55:38.540,0.67
19:55:38.551,0.05
19:55:38.561,0.08
19:55:38.572,0.05
19:55:38.582,0.06
19:55:38.593,0.06
19:55:38.603,0.09
19:55:38.614,0.05
19:55:38.624,0.08
19:55:38.634,0.68
19:55:38.645,0.08
19:55:38.655,0.08
19:55:38.665,0.52
19:55:38.676,0.06
19:55:38.686,0.05
19:55:38.696,0.08
19:55:38.706,0.11
19:55:38.716,0.07
19:55:38.727,0.09
19:55:38.737,0.36
19:55:38.748,0.07
19:55:38.758,0.04
19:55:38.769,0.09
19:55:38.779,0.05
19:55:38.789,0.10
19:55:38.800,0.08
19:55:38.811,0.11
19:55:38.821,0.07
19:55:38.831,0.07
19:55:38.842,0.06
19:55:38.852,0.08
19:55:38.862,0.05
19:55:38.873,0.06
19:55:38.883,0.04
19:55:38.894,0.06
19:55:38.904,0.08
19:55:38.914,0.13
19:55:38.925,0.10
19:55:38.935,0.07
19:55:38.946,0.05
19:55:38.956,0.08
19:55:38.966,0.10
19:55:38.977,0.13
19:55:38.987,0.06
19:55:38.998,0.07
19:55:39.008,0.10
19:55:39.019,0.07
19:55:39.029,0.08
19:55:39.039,0.06
19:55:39.049,0.04
19:55:39.060,0.04
19:55:39.070,0.08
19:55:39.081,0.06
19:55:39.091,0.11
19:55:39.102,0.08
19:55:39.112,0.10
19:55:39.122,0.11
19:55:39.133,0.10
19:55:39.143,0.08
19:55:39.154,0.08
19:55:39.164,0.11
19:55:39.175,0.10
19:55:39.185,0.11
19:55:39.196,0.07
19:55:39.206,0.14
19:55:39.217,0.07
19:55:39.227,0.07
19:55:39.238,0.06
19:55:39.248,0.08
19:55:39.258,0.08
19:55:39.269,0.09
19:55:39.279,0.05
19:55:39.290,0.31
19:55:39.300,0.22
19:55:39.310,0.09
19:55:39.321,0.16
19:55:39.332,0.06
19:55:39.342,3.40
19:55:39.353,0.13
19:55:39.363,0.05
19:55:39.374,0.09
19:55:39.384,0.21
19:55:39.395,0.09
19:55:39.405,0.10
19:55:39.416,0.87
19:55:39.426,0.06
19:55:39.437,0.24
19:55:39.447,1.55
19:55:39.457,0.50
19:55:39.467,0.07
19:55:39.478,0.62
19:55:39.488,0.08
19:55:39.499,0.10
19:55:39.509,0.07
19:55:39.520,198.18
19:55:39.718,0.05
19:55:39.729,5.64
19:55:39.739,0.98
19:55:39.750,110.04
19:55:39.860,0.04
19:55:39.870,25.83
19:55:39.896,26.50
19:55:39.923,0.35
19:55:39.933,36.51
19:55:39.969,0.10
19:55:39.980,29.74
19:55:40.009,0.05
19:55:40.020,47.93
19:55:40.068,0.08
19:55:40.079,0.14
19:55:40.089,8.36
19:55:40.100,2.01
19:55:40.110,0.08
19:55:40.120,0.11
19:55:40.131,0.09
19:55:40.141,0.07
19:55:40.151,0.08
19:55:40.162,0.07
19:55:40.172,0.09
19:55:40.183,0.05
19:55:40.193,0.13
19:55:40.203,0.10
19:55:40.214,0.11
19:55:40.224,0.07
19:55:40.234,0.08
19:55:40.245,1.32
19:55:40.255,0.09
19:55:40.266,0.10
19:55:40.276,0.09
19:55:40.286,0.06
19:55:40.297,0.08
19:55:40.307,0.06
19:55:40.318,0.07
19:55:40.328,0.08
19:55:40.338,0.07
19:55:40.349,0.07
19:55:40.359,0.11
19:55:40.369,0.09
19:55:40.380,0.08
19:55:40.390,0.06
19:55:40.401,0.10
19:55:40.411,0.08
19:55:40.422,0.12
19:55:40.432,0.11
19:55:40.443,0.14
19:55:40.453,0.60
19:55:40.463,0.06
19:55:40.474,0.07
19:55:40.484,0.06
19:55:40.495,0.05
19:55:40.505,0.08
19:55:40.516,0.12
19:55:40.526,0.07
19:55:40.537,0.12
19:55:40.547,0.09
19:55:40.557,0.08
19:55:40.568,0.08
19:55:40.579,0.06
19:55:40.589,0.05
19:55:40.599,0.10
19:55:40.610,0.04
19:55:40.620,0.06
19:55:40.631,0.09
19:55:40.641,0.06
19:55:40.652,0.11
19:55:40.662,0.07
19:55:40.673,0.12
19:55:40.683,0.08
19:55:40.693,0.08
19:55:40.704,0.07
19:55:40.714,0.08
19:55:40.725,0.04
19:55:40.736,0.12
19:55:40.746,0.11
19:55:40.757,0.10
19:55:40.767,0.12
19:55:40.778,0.06
19:55:40.788,0.46
19:55:40.799,0.11
19:55:40.809,0.06
19:55:40.820,0.35
19:55:40.830,0.06
19:55:40.841,0.09
19:55:40.851,0.31
19:55:40.862,0.30
19:55:40.873,0.08
19:55:40.883,0.07
19:55:40.894,0.10
19:55:40.904,0.26
19:55:40.915,0.10
19:55:40.925,0.10
19:55:40.936,0.11
19:55:40.946,0.07
19:55:40.957,0.16
19:55:40.967,0.14
19:55:40.978,0.08
19:55:40.988,0.12
19:55:40.999,0.10
19:55:41.009,0.08
19:55:41.019,0.07
19:55:41.030,0.84
19:55:41.040,4.23
19:55:41.051,0.09
19:55:41.061,0.11
19:55:41.072,0.09
19:55:41.082,9.01
19:55:41.093,0.17
19:55:41.103,0.10
19:55:41.114,1.31
19:55:41.124,0.15
19:55:41.135,0.12
19:55:41.145,0.14
19:55:41.155,0.06
19:55:41.166,0.10
19:55:41.176,18.09
19:55:41.195,0.22
19:55:41.205,0.68
19:55:41.215,0.08
19:55:41.225,0.68
19:55:41.236,0.10
19:55:41.247,0.09
19:55:41.257,0.16
19:55:41.267,0.07
19:55:41.278,0.08
19:55:41.288,0.06
19:55:41.298,1.99
19:55:41.309,0.06
19:55:41.319,0.06
19:55:41.330,1.52
19:55:41.340,0.06
19:55:41.351,5.69
19:55:41.361,2.86
19:55:41.372,0.99
19:55:41.382,0.08
19:55:41.393,0.12
19:55:41.403,1.85
19:55:41.413,0.10
19:55:41.424,0.06
19:55:41.434,5.52
19:55:41.444,5.36
19:55:41.455,5.98
19:55:41.466,0.61
19:55:41.476,0.05
19:55:41.487,0.06
19:55:41.497,0.09
19:55:41.507,1.76
19:55:41.517,0.30
19:55:41.528,0.07
19:55:41.538,1.38
19:55:41.549,0.10
19:55:41.559,6.62
19:55:41.570,4.11
19:55:41.580,0.83
19:55:41.590,0.09
19:55:41.601,0.08
19:55:41.611,0.77
19:55:41.621,0.06
19:55:41.632,0.09
19:55:41.642,2.04
19:55:41.652,0.06
19:55:41.663,0.10
19:55:41.673,0.80
19:55:41.684,0.06
19:55:41.694,0.05
19:55:41.704,0.09
19:55:41.715,0.39
19:55:41.725,0.09
19:55:41.735,0.08
19:55:41.745,0.37
19:55:41.756,0.07
19:55:41.766,0.09
19:55:41.777,0.15
19:55:41.787,0.08
19:55:41.797,0.12
19:55:41.808,0.11
19:55:41.818,0.65
19:55:41.828,0.07
19:55:41.839,0.12
19:55:41.849,0.81
19:55:41.860,0.05
19:55:41.870,0.10
19:55:41.881,0.13
19:55:41.891,0.07
19:55:41.902,22.33
19:55:41.924,0.18
19:55:41.935,3.70
19:55:41.945,0.49
19:55:41.955,0.38
19:55:41.966,0.14
19:55:41.976,0.10
19:55:41.986,0.15
19:55:41.997,0.08
19:55:42.007,0.08
19:55:42.017,0.11
19:55:42.028,0.49
19:55:42.038,0.06
19:55:42.049,0.08
19:55:42.059,1.98
19:55:42.070,0.09
19:55:42.080,0.14
19:55:42.091,0.89
19:55:42.101,0.07
19:55:42.111,0.06
19:55:42.121,0.13
19:55:42.132,0.09
19:55:42.142,0.08
19:55:42.152,0.08
19:55:42.163,0.34
19:55:42.173,0.08
19:55:42.184,0.14
19:55:42.194,0.82
19:55:42.205,0.08
19:55:42.215,0.08
19:55:42.226,0.10
19:55:42.236,1.92
19:55:42.247,0.09
19:55:42.257,11.35
19:55:42.268,1.21
19:55:42.279,1.96
19:55:42.289,0.08
19:55:42.300,0.14
19:55:42.310,0.08
19:55:42.320,0.09
19:55:42.331,0.57
19:55:42.341,0.11
19:55:42.352,0.07
19:55:42.362,1.37
19:55:42.373,1.75
19:55:42.383,0.10
19:55:42.393,0.15
19:55:42.403,0.23
19:55:42.414,0.45
19:55:42.424,0.50
19:55:42.434,0.09
19:55:42.445,0.18
19:55:42.456,4.46
19:55:42.466,7.99
19:55:42.476,0.06
19:55:42.487,0.85
19:55:42.498,0.07
19:55:42.508,1.31
19:55:42.519,0.73
19:55:42.529,0.10
19:55:42.540,0.10
19:55:42.550,5.87
19:55:42.560,0.23
19:55:42.571,0.08
19:55:42.581,0.89
19:55:42.592,0.06
19:55:42.602,0.07
19:55:42.612,9.74
19:55:42.623,1.08
19:55:42.633,0.08
19:55:42.644,2.42
19:55:42.654,0.09
19:55:42.664,0.08
19:55:42.675,0.47
19:55:42.686,4.59
19:55:42.696,1.11
19:55:42.707,0.51
19:55:42.717,4.84
19:55:42.727,0.07
19:55:42.738,0.51
19:55:42.748,0.94
19:55:42.758,0.06
19:55:42.769,0.48
19:55:42.779,0.07
19:55:42.790,0.04
19:55:42.800,0.09
19:55:42.810,0.09
19:55:42.821,0.33
19:55:42.831,0.09
19:55:42.841,0.11
19:55:42.852,0.25
19:55:42.862,0.30
19:55:42.873,0.09
19:55:42.883,0.11
19:55:42.893,0.28
19:55:42.904,0.20
19:55:42.914,0.09
19:55:42.924,3.18
19:55:42.935,0.11
19:55:42.945,0.11
19:55:42.956,0.64
19:55:42.966,0.08
19:55:42.977,0.09
19:55:42.987,0.13
19:55:42.997,0.81
19:55:43.008,0.08
19:55:43.018,0.08
19:55:43.029,1.88
19:55:43.039,0.06
19:55:43.049,0.46
19:55:43.060,2.27
19:55:43.071,0.08
19:55:43.081,0.72
19:55:43.092,0.11
19:55:43.102,0.04
19:55:43.112,0.74
19:55:43.123,0.07
19:55:43.133,1.23
19:55:43.143,0.07
19:55:43.154,0.11
19:55:43.165,0.13
19:55:43.175,0.06
19:55:43.186,0.07
19:55:43.196,0.06
19:55:43.206,0.36
19:55:43.217,0.08
19:55:43.227,0.08
19:55:43.238,0.31
19:55:43.248,0.10
19:55:43.259,0.08
19:55:43.269,0.46
19:55:43.280,0.07
19:55:43.290,0.07
19:55:43.301,0.08
19:55:43.311,0.05
19:55:43.322,0.11
19:55:43.332,0.10
19:55:43.342,1.30
19:55:43.353,0.10
19:55:43.363,0.08
19:55:43.373,0.26
19:55:43.384,0.06
19:55:43.395,0.07
19:55:43.405,0.11
19:55:43.416,0.04
19:55:43.426,0.10
19:55:43.436,0.22
19:55:43.447,1.82
19:55:43.457,2.80
19:55:43.468,0.11
19:55:43.478,1.37
19:55:43.489,0.07
19:55:43.499,0.13
19:55:43.510,0.15
19:55:43.520,2.89
19:55:43.531,0.14
19:55:43.541,0.10
19:55:43.551,1.98
19:55:43.562,0.12
19:55:43.572,0.18
19:55:43.583,0.41
19:55:43.594,0.15
19:55:43.604,0.15
19:55:43.614,0.44
19:55:43.625,0.13
19:55:43.635,0.12
19:55:43.646,0.09
19:55:43.656,0.12
19:55:43.667,0.15
19:55:43.678,0.10
19:55:43.688,0.09
19:55:43.698,0.13
19:55:43.709,0.13
19:55:43.720,0.14
19:55:43.730,0.17
19:55:43.741,0.11
19:55:43.751,0.10
19:55:43.761,0.14
19:55:43.772,0.13
19:55:43.783,0.11
19:55:43.793,0.10
19:55:43.804,0.11
19:55:43.814,0.10
19:55:43.825,0.13
19:55:43.835,0.13
19:55:43.845,2.02
19:55:43.855,0.14
19:55:43.865,0.14
19:55:43.876,0.14
19:55:43.887,0.17
19:55:43.897,0.12
19:55:43.908,0.13
19:55:43.918,0.15
19:55:43.929,0.16
19:55:43.940,0.13
19:55:43.950,0.13
19:55:43.961,0.15
19:55:43.971,0.31
19:55:43.982,0.19
19:55:43.992,0.12
19:55:44.002,1.32
19:55:44.013,0.13
19:55:44.023,0.13
19:55:44.034,0.56
19:55:44.044,0.14
19:55:44.055,0.13
19:55:44.065,0.84
19:55:44.076,0.13
19:55:44.087,0.14
19:55:44.097,0.28
19:55:44.108,0.09
19:55:44.118,0.12
19:55:44.129,0.10
19:55:44.139,0.13
19:55:44.149,0.10
19:55:44.160,0.26
19:55:44.170,0.16
19:55:44.180,0.13
19:55:44.191,0.10
19:55:44.201,0.18
19:55:44.211,0.22
19:55:44.222,79.72
19:55:44.301,0.60
19:55:44.312,83.35
19:55:44.395,0.30
19:55:44.406,39.65
19:55:44.446,0.94
19:55:44.456,0.14
19:55:44.467,39.45
19:55:44.506,1.85
19:55:44.516,0.37
19:55:44.527,0.12
19:55:44.537,0.12
19:55:44.548,1.88
19:55:44.559,0.11
19:55:44.569,0.09
19:55:44.579,0.70
19:55:44.590,0.11
19:55:44.601,0.14
19:55:44.611,1.97
19:55:44.622,0.10
19:55:44.632,0.12
19:55:44.643,0.54
19:55:44.653,0.11
19:55:44.664,0.11
19:55:44.674,0.50
19:55:44.685,0.13
19:55:44.695,0.09
19:55:44.706,0.12
19:55:44.716,0.13
19:55:44.727,0.08
19:55:44.737,0.07
19:55:44.748,0.06
19:55:44.758,0.08
19:55:44.768,0.73
19:55:44.779,0.08
19:55:44.789,0.06
19:55:44.799,0.83
19:55:44.810,0.16
19:55:44.820,0.09
19:55:44.831,0.42
19:55:44.841,0.07
19:55:44.852,0.07
19:55:44.862,0.72
19:55:44.873,0.07
19:55:44.883,0.08
19:55:44.894,0.48
19:55:44.904,0.66
19:55:44.914,1.39
19:55:44.925,0.76
19:55:44.935,0.42
19:55:44.946,0.54
19:55:44.956,0.60
19:55:44.966,0.92
19:55:44.977,0.16
19:55:44.987,0.91
19:55:44.997,0.67
19:55:45.008,0.41
19:55:45.018,0.53
19:55:45.028,0.60
19:55:45.039,0.50
19:55:45.049,1.48
19:55:45.059,0.41
19:55:45.070,0.17
19:55:45.080,0.51
19:55:45.090,0.29
19:55:45.101,0.11
19:55:45.111,0.49
19:55:45.121,0.12
19:55:45.132,0.12
19:55:45.143,0.07
19:55:45.153,0.07
19:55:45.164,0.07
19:55:45.174,0.08
19:55:45.185,0.09
19:55:45.195,0.07
19:55:45.205,0.07
19:55:45.216,0.09
19:55:45.227,0.07
19:55:45.237,0.07
19:55:45.247,0.11
19:55:45.258,0.08
19:55:45.268,0.09
19:55:45.278,0.08
19:55:45.289,0.07
19:55:45.299,0.10
19:55:45.310,0.08
19:55:45.320,0.09
19:55:45.330,0.06
19:55:45.340,0.17
19:55:45.351,0.08
19:55:45.361,0.06
19:55:45.372,0.11
19:55:45.382,0.11
19:55:45.393,0.08
19:55:45.403,0.09
19:55:45.414,0.06
19:55:45.424,0.09
19:55:45.435,0.08
19:55:45.445,9.36
19:55:45.455,0.06
19:55:45.466,0.09
19:55:45.476,0.07
19:55:45.487,0.07
19:55:45.497,0.08
19:55:45.508,0.05
19:55:45.518,0.05
19:55:45.529,0.05
19:55:45.539,0.12
19:55:45.550,0.06
19:55:45.560,0.07
19:55:45.570,0.12
19:55:45.581,0.12
19:55:45.591,0.10
19:55:45.602,0.12
19:55:45.612,0.08
19:55:45.623,0.09
19:55:45.633,0.07
19:55:45.643,3.06
19:55:45.654,0.12
19:55:45.664,0.11
19:55:45.675,0.06
19:55:45.686,0.06
19:55:45.696,0.09
19:55:45.706,0.14
19:55:45.717,0.04
19:55:45.728,0.08
19:55:45.738,0.08
19:55:45.749,0.07
19:55:45.759,0.09
19:55:45.770,0.07
19:55:45.780,0.05
19:55:45.790,0.09
19:55:45.800,0.09
19:55:45.811,0.10
19:55:45.821,0.12
19:55:45.832,0.07
19:55:45.842,0.06
19:55:45.852,0.06
19:55:45.863,0.04
19:55:45.873,0.10
19:55:45.884,0.07
19:55:45.894,0.07
19:55:45.904,0.09
19:55:45.915,0.09
19:55:45.925,0.06
19:55:45.936,0.07
19:55:45.946,0.05
19:55:45.957,0.08
19:55:45.967,0.06
19:55:45.978,0.07
19:55:45.988,0.05
19:55:45.999,0.10
19:55:46.009,0.10
19:55:46.019,0.08
19:55:46.030,0.18
19:55:46.040,0.08
19:55:46.051,0.07
19:55:46.061,0.08
19:55:46.072,0.10
19:55:46.082,0.08
19:55:46.092,0.07
19:55:46.103,0.09
19:55:46.113,0.07
19:55:46.123,0.10
19:55:46.134,0.09
19:55:46.144,0.07
19:55:46.155,0.07
19:55:46.165,0.08
19:55:46.176,0.08
19:55:46.186,0.08
19:55:46.196,0.09
19:55:46.206,0.10
19:55:46.217,0.07
19:55:46.228,0.10
19:55:46.238,0.10
19:55:46.249,0.07
19:55:46.259,0.08
19:55:46.269,0.12
19:55:46.280,0.10
19:55:46.290,0.08
19:55:46.301,0.07
19:55:46.311,0.09
19:55:46.322,0.05
19:55:46.332,0.07
19:55:46.342,0.06
19:55:46.353,0.08
19:55:46.363,0.05
19:55:46.374,0.16
19:55:46.385,0.12
19:55:46.395,0.07
19:55:46.406,0.29
19:55:46.416,0.09
19:55:46.427,0.07
19:55:46.437,0.11
19:55:46.447,0.07
19:55:46.457,0.10
19:55:46.468,0.08
19:55:46.478,0.07
19:55:46.488,0.06
19:55:46.499,0.07
19:55:46.509,0.12
19:55:46.520,0.07
19:55:46.530,1.00
19:55:46.540,0.08
19:55:46.551,0.09
19:55:46.561,0.20
19:55:46.572,0.04
19:55:46.583,0.08
19:55:46.593,0.04
19:55:46.603,0.08
19:55:46.614,0.09
19:55:46.624,0.08
19:55:46.635,0.09
19:55:46.645,0.19
19:55:46.656,0.06
19:55:46.666,0.09
19:55:46.676,0.07
19:55:46.687,0.05
19:55:46.697,0.08
19:55:46.707,0.07
19:55:46.718,0.08
19:55:46.728,0.08
19:55:46.738,0.07
19:55:46.749,0.75
19:55:46.760,0.07
19:55:46.770,0.11
19:55:46.780,0.09
19:55:46.791,0.12
19:55:46.802,0.07
19:55:46.812,0.07
19:55:46.822,0.08
19:55:46.833,0.09
19:55:46.843,1.73
19:55:46.854,0.09
19:55:46.864,0.06
19:55:46.875,0.70
19:55:46.885,0.08
19:55:46.896,0.31
19:55:46.906,0.29
19:55:46.917,0.39
19:55:46.927,0.10
19:55:46.937,0.15
19:55:46.948,0.07
19:55:46.958,0.05
19:55:46.969,0.27
19:55:46.979,0.06
19:55:46.990,0.05
19:55:47.000,0.32
19:55:47.011,0.08
19:55:47.021,0.10
19:55:47.032,0.36
19:55:47.042,0.08
19:55:47.052,0.11
19:55:47.063,0.81
19:55:47.073,0.08
19:55:47.084,0.07
19:55:47.094,0.29
19:55:47.105,0.09
19:55:47.115,0.08
19:55:47.126,0.93
19:55:47.137,0.09
19:55:47.147,0.05
19:55:47.158,0.06
19:55:47.168,0.07
19:55:47.178,0.09
19:55:47.189,0.43
19:55:47.200,0.08
19:55:47.210,0.07
19:55:47.220,0.16
19:55:47.231,0.12
19:55:47.241,0.11
19:55:47.252,0.32
19:55:47.262,0.12
19:55:47.273,0.08
19:55:47.283,0.06
19:55:47.294,0.07
19:55:47.304,0.09
19:55:47.314,0.33
19:55:47.325,0.09
19:55:47.335,0.07
19:55:47.345,0.11
19:55:47.356,0.11
19:55:47.366,0.12
19:55:47.377,0.07
19:55:47.387,0.08
19:55:47.398,0.08
19:55:47.408,0.08
19:55:47.419,0.12
19:55:47.429,0.09
19:55:47.440,0.11
19:55:47.450,1.21
19:55:47.461,0.07
19:55:47.471,0.10
19:55:47.482,0.07
19:55:47.492,0.12
19:55:47.502,0.09
19:55:47.513,0.14
19:55:47.523,0.09
19:55:47.533,0.10
19:55:47.544,0.10
19:55:47.554,0.11
19:55:47.565,0.15
19:55:47.575,0.07
19:55:47.585,0.08
19:55:47.595,0.12
19:55:47.606,0.12
19:55:47.616,0.09
19:55:47.627,0.10
19:55:47.637,0.10
19:55:47.648,0.11
19:55:47.658,0.09
19:55:47.669,0.69
19:55:47.679,0.08
19:55:47.690,0.12
19:55:47.700,0.68
19:55:47.711,0.07
19:55:47.721,0.11
19:55:47.732,0.09
19:55:47.742,0.08
19:55:47.752,0.08
19:55:47.763,0.15
19:55:47.773,0.08
19:55:47.783,0.10
19:55:47.794,0.09
19:55:47.804,0.11
19:55:47.815,0.07
19:55:47.825,0.12
19:55:47.836,0.09
19:55:47.846,0.07
19:55:47.857,0.26
19:55:47.867,0.11
19:55:47.878,0.11
19:55:47.888,0.30
19:55:47.899,0.08
19:55:47.909,0.12
19:55:47.919,0.24
19:55:47.929,0.10
19:55:47.940,0.11
19:55:47.950,0.93
19:55:47.961,0.11
19:55:47.971,0.11
19:55:47.982,0.54
19:55:47.992,0.18
19:55:48.003,0.07
19:55:48.013,0.56
19:55:48.023,0.05
19:55:48.034,0.12
19:55:48.044,0.51
19:55:48.055,0.09
19:55:48.065,0.07
19:55:48.076,0.07
19:55:48.086,0.04
19:55:48.096,0.10
19:55:48.107,0.11
19:55:48.118,0.09
19:55:48.128,0.09
19:55:48.139,0.07
19:55:48.149,0.13
19:55:48.160,0.06
19:55:48.170,0.07
19:55:48.180,0.09
19:55:48.191,0.09
19:55:48.201,0.10
19:55:48.212,0.08
19:55:48.222,0.06
19:55:48.233,0.06
19:55:48.243,0.07
19:55:48.254,0.13
19:55:48.264,0.10
19:55:48.274,0.09
19:55:48.285,0.09
19:55:48.296,0.05
19:55:48.306,0.10
19:55:48.316,0.06
19:55:48.327,0.38
19:55:48.337,0.07
19:55:48.348,0.07
19:55:48.358,0.18
19:55:48.369,0.09
19:55:48.379,0.07
19:55:48.390,0.40
19:55:48.400,0.11
19:55:48.411,0.09
19:55:48.421,0.06
19:55:48.432,0.08
19:55:48.442,0.16
19:55:48.452,0.09
19:55:48.463,0.09
19:55:48.473,0.07
19:55:48.484,0.09
19:55:48.494,0.20
19:55:48.505,0.14
19:55:48.515,0.05
19:55:48.525,0.07
19:55:48.536,0.09
19:55:48.546,0.06
19:55:48.557,0.10
19:55:48.568,0.07
19:55:48.578,0.14
19:55:48.589,0.09
19:55:48.599,0.08
19:55:48.610,0.07
19:55:48.620,0.05
19:55:48.631,0.15
19:55:48.641,0.09
19:55:48.651,0.06
19:55:48.661,0.08
19:55:48.672,0.10
19:55:48.683,0.12
19:55:48.693,0.06
19:55:48.703,0.12
19:55:48.714,0.09
19:55:48.724,0.07
19:55:48.735,0.08
19:55:48.745,0.08
19:55:48.755,0.06
19:55:48.766,0.09
19:55:48.776,0.06
19:55:48.787,0.11
19:55:48.798,0.08
19:55:48.808,0.09
19:55:48.819,0.09
19:55:48.829,0.07
19:55:48.840,0.09
19:55:48.850,0.07
19:55:48.861,0.08
19:55:48.871,0.13
19:55:48.882,0.11
19:55:48.892,0.09
19:55:48.903,0.10
19:55:48.913,0.09
19:55:48.923,0.16
19:55:48.933,0.07
19:55:48.944,2.08
19:55:48.954,0.06
19:55:48.965,0.07
19:55:48.976,0.12
19:55:48.986,0.06
19:55:48.996,0.05
19:55:49.007,0.12
19:55:49.017,0.07
19:55:49.027,0.08
19:55:49.038,0.07
19:55:49.048,0.07
19:55:49.059,0.33
19:55:49.069,0.09
19:55:49.080,0.11
19:55:49.090,0.15
19:55:49.101,0.07
19:55:49.111,0.06
19:55:49.122,0.05
19:55:49.133,0.08
19:55:49.143,0.08
19:55:49.153,0.30
19:55:49.164,0.06
19:55:49.175,0.07
19:55:49.185,0.24
19:55:49.195,0.04
19:55:49.206,0.07
19:55:49.216,0.48
19:55:49.227,0.05
19:55:49.237,0.06
19:55:49.248,0.14
19:55:49.258,0.10
19:55:49.268,0.11
19:55:49.279,0.34
19:55:49.290,0.07
19:55:49.300,0.09
19:55:49.310,0.84
19:55:49.321,0.09
19:55:49.331,0.08
19:55:49.342,0.12
19:55:49.352,0.08
19:55:49.363,0.08
19:55:49.373,0.37
19:55:49.384,0.07
19:55:49.394,0.05
19:55:49.405,0.07
19:55:49.415,0.06
19:55:49.426,0.05
19:55:49.436,0.22
19:55:49.446,0.09
19:55:49.457,0.08
19:55:49.467,0.22
19:55:49.478,0.11
19:55:49.488,0.06
19:55:49.499,0.63
19:55:49.509,0.10
19:55:49.519,0.07
19:55:49.529,0.07
19:55:49.540,0.08
19:55:49.550,0.08
19:55:49.561,0.04
19:55:49.572,0.12
19:55:49.582,0.14
19:55:49.593,0.05
19:55:49.603,0.07
19:55:49.613,0.04
19:55:49.624,0.04
19:55:49.634,0.08
19:55:49.645,0.04
19:55:49.655,0.04
19:55:49.666,0.06
19:55:49.676,0.09
19:55:49.687,0.06
19:55:49.697,0.07
19:55:49.708,0.10
19:55:49.718,0.05
19:55:49.729,0.10
19:55:49.739,0.10
19:55:49.750,0.06
19:55:49.760,0.06
19:55:49.771,0.09
19:55:49.781,0.09
19:55:49.792,0.08
19:55:49.802,0.08
19:55:49.812,0.04
19:55:49.823,0.07
19:55:49.833,0.09
19:55:49.844,1.81
19:55:49.854,0.14
19:55:49.865,0.10
19:55:49.875,0.09
19:55:49.886,0.04
19:55:49.896,0.06
19:55:49.906,0.09
19:55:49.917,0.15
19:55:49.927,0.12
19:55:49.938,0.08
19:55:49.948,0.05
19:55:49.959,0.10
19:55:49.969,0.11
19:55:49.979,0.05
19:55:49.990,0.09
19:55:50.000,0.11
19:55:50.011,0.10
19:55:50.021,0.07
19:55:50.032,0.07
19:55:50.042,0.10
19:55:50.053,0.11
19:55:50.063,0.09
19:55:50.074,0.09
19:55:50.084,0.12
19:55:50.095,0.10
19:55:50.105,0.09
19:55:50.116,0.10
19:55:50.126,0.07
19:55:50.137,0.35
19:55:50.147,0.07
19:55:50.158,0.10
19:55:50.168,0.08
19:55:50.178,0.10
19:55:50.189,0.06
19:55:50.199,0.08
19:55:50.210,0.07
19:55:50.220,0.06
19:55:50.230,0.06
19:55:50.241,0.07
19:55:50.251,0.09
19:55:50.262,0.09
19:55:50.272,0.10
19:55:50.283,0.08
19:55:50.293,0.10
19:55:50.304,0.11
19:55:50.314,0.15
19:55:50.324,0.24
19:55:50.335,0.11
19:55:50.345,0.09
19:55:50.356,1.04
19:55:50.366,0.16
19:55:50.377,0.13
19:55:50.387,0.77
19:55:50.398,0.06
19:55:50.408,0.10
19:55:50.419,0.15
19:55:50.429,0.55
19:55:50.440,0.10
19:55:50.450,2.63
19:55:50.461,0.06
19:55:50.471,0.10
19:55:50.481,0.05
19:55:50.492,0.06
19:55:50.502,0.08
19:55:50.512,0.16
19:55:50.523,0.07
19:55:50.534,0.09
19:55:50.544,0.35
19:55:50.554,0.14
19:55:50.565,0.07
19:55:50.576,0.99
19:55:50.586,0.12
19:55:50.596,0.13
19:55:50.607,0.11
19:55:50.617,0.09
19:55:50.628,0.09
19:55:50.638,0.15
19:55:50.649,0.09
19:55:50.659,0.09
19:55:50.670,0.40
19:55:50.680,0.05
19:55:50.691,0.07
19:55:50.701,0.18
19:55:50.711,0.10
19:55:50.722,0.06
19:55:50.732,0.05
19:55:50.742,3.64
19:55:50.752,0.09
19:55:50.763,0.10
19:55:50.773,0.06
19:55:50.783,0.06
19:55:50.794,0.07
19:55:50.804,0.06
19:55:50.814,0.06
19:55:50.825,0.11
19:55:50.835,0.08
19:55:50.846,0.05
19:55:50.856,0.08
19:55:50.866,0.08
19:55:50.877,0.08
19:55:50.887,0.10
19:55:50.898,0.11
19:55:50.908,0.12
19:55:50.919,0.11
19:55:50.929,0.15
19:55:50.940,0.12
19:55:50.950,0.11
19:55:50.960,0.11
19:55:50.971,0.10
19:55:50.981,0.25
19:55:50.992,0.06
19:55:51.002,0.48
19:55:51.013,0.10
19:55:51.023,0.07
19:55:51.034,0.14
19:55:51.044,0.51
19:55:51.055,0.10
19:55:51.065,0.08
19:55:51.075,0.10
19:55:51.085,0.07
19:55:51.096,0.07
19:55:51.106,0.11
19:55:51.116,0.08
19:55:51.127,0.07
19:55:51.137,0.11
19:55:51.148,0.11
19:55:51.158,0.10
19:55:51.168,0.10
19:55:51.179,0.13
19:55:51.189,0.04
19:55:51.199,0.07
19:55:51.209,0.06
19:55:51.220,0.08
19:55:51.230,0.08
19:55:51.241,0.06
19:55:51.251,0.09
19:55:51.262,0.09
19:55:51.272,0.13
19:55:51.282,0.05
19:55:51.293,0.07
19:55:51.303,0.08
19:55:51.314,0.07
19:55:51.324,0.07
19:55:51.335,0.08
19:55:51.345,0.45
19:55:51.356,0.09
19:55:51.366,0.10
19:55:51.376,0.08
19:55:51.387,0.10
19:55:51.397,0.06
19:55:51.408,0.05
19:55:51.418,0.10
19:55:51.429,0.08
19:55:51.439,0.06
19:55:51.449,0.15
19:55:51.460,0.92
19:55:51.470,0.06
19:55:51.481,0.07
19:55:51.491,0.07
19:55:51.502,0.09
19:55:51.512,0.09
19:55:51.523,0.06
19:55:51.533,0.19
19:55:51.544,0.10
19:55:51.554,0.08
19:55:51.565,0.10
19:55:51.575,0.05
19:55:51.585,0.07
19:55:51.596,0.08
19:55:51.606,0.08
19:55:51.617,0.10
19:55:51.627,0.11
19:55:51.638,0.07
19:55:51.648,0.09
19:55:51.659,0.10
19:55:51.669,0.19
19:55:51.680,0.14
19:55:51.690,0.11
19:55:51.701,0.11
19:55:51.711,0.10
19:55:51.722,0.09
19:55:51.732,0.12
19:55:51.742,0.12
19:55:51.753,0.11
19:55:51.763,0.12
19:55:51.774,0.09
19:55:51.784,0.07
19:55:51.795,0.06
19:55:51.805,0.08
19:55:51.815,0.06
19:55:51.826,0.05
19:55:51.836,0.29
19:55:51.847,0.09
19:55:51.857,0.06
19:55:51.868,0.27
19:55:51.878,0.18
19:55:51.889,0.07
19:55:51.899,0.50
19:55:51.910,0.26
19:55:51.920,0.10
19:55:51.930,0.58
19:55:51.941,0.09
19:55:51.951,0.09
19:55:51.962,0.62
19:55:51.972,0.16
19:55:51.982,0.20
19:55:51.993,1.15
19:55:52.003,0.10
19:55:52.013,0.07
19:55:52.024,0.48
19:55:52.035,0.07
19:55:52.045,0.14
19:55:52.055,0.40
19:55:52.066,0.07
19:55:52.076,0.06
19:55:52.087,0.08
19:55:52.097,0.06
19:55:52.108,0.06
19:55:52.118,0.18
19:55:52.129,0.10
19:55:52.139,0.11
19:55:52.150,0.55
19:55:52.160,0.05
19:55:52.170,0.09
19:55:52.180,0.36
19:55:52.191,0.10
19:55:52.201,0.09
19:55:52.212,0.67
19:55:52.222,0.07
19:55:52.233,0.07
19:55:52.243,3.54
19:55:52.253,0.08
19:55:52.264,0.08
19:55:52.274,0.05
19:55:52.285,0.06
19:55:52.295,0.07
19:55:52.306,0.12
19:55:52.316,0.05
19:55:52.326,0.09
19:55:52.337,0.07
19:55:52.347,0.08
19:55:52.358,0.13
19:55:52.368,0.08
19:55:52.379,0.07
19:55:52.389,0.06
19:55:52.400,0.07
19:55:52.410,0.04
19:55:52.421,0.09
19:55:52.431,0.06
19:55:52.442,0.29
19:55:52.452,0.38
19:55:52.462,0.07
19:55:52.473,0.07
19:55:52.483,0.07
19:55:52.494,0.05
19:55:52.504,0.09
19:55:52.515,0.10
19:55:52.525,0.07
19:55:52.536,0.11
19:55:52.546,0.10
19:55:52.557,0.07
19:55:52.567,0.09
19:55:52.578,0.09
19:55:52.588,0.06
19:55:52.599,0.06
19:55:52.609,0.08
19:55:52.620,0.04
19:55:52.630,0.04
19:55:52.640,0.08
19:55:52.651,0.04
19:55:52.661,0.05
19:55:52.672,0.14
19:55:52.682,0.05
19:55:52.693,0.04
19:55:52.703,0.12
19:55:52.714,0.07
19:55:52.724,0.33
19:55:52.735,0.13
19:55:52.745,0.10
19:55:52.755,0.06
19:55:52.766,0.06
19:55:52.776,0.07
19:55:52.786,0.09
19:55:52.797,0.07
19:55:52.807,0.07
19:55:52.817,0.07
19:55:52.828,0.06
19:55:52.838,0.06
19:55:52.849,0.08
19:55:52.859,0.07
19:55:52.869,0.07
19:55:52.880,0.09
19:55:52.890,0.06
19:55:52.901,0.07
19:55:52.911,0.14
19:55:52.921,0.06
19:55:52.932,0.10
19:55:52.942,0.08
19:55:52.952,0.25
19:55:52.963,0.07
19:55:52.973,0.09
19:55:52.984,0.05
19:55:52.994,0.06
19:55:53.005,0.09
19:55:53.015,0.04
19:55:53.025,0.06
19:55:53.036,0.10
19:55:53.047,0.04
19:55:53.057,0.09
19:55:53.068,0.09
19:55:53.078,0.07
19:55:53.089,0.06
19:55:53.099,0.06
19:55:53.109,0.09
19:55:53.120,0.50
19:55:53.130,0.59
19:55:53.141,0.09
19:55:53.151,0.08
19:55:53.162,0.08
19:55:53.172,0.06
19:55:53.183,0.34
19:55:53.193,0.11
19:55:53.204,0.08
19:55:53.214,0.30
19:55:53.224,0.06
19:55:53.235,0.09
19:55:53.245,0.28
19:55:53.256,0.07
19:55:53.266,0.11
19:55:53.277,0.07
19:55:53.287,0.07
19:55:53.298,0.08
19:55:53.308,0.06
19:55:53.318,0.05
19:55:53.329,0.11
19:55:53.339,0.09
19:55:53.350,0.07
19:55:53.360,0.08
19:55:53.371,0.07
19:55:53.381,0.09
19:55:53.391,0.11
19:55:53.402,0.07
19:55:53.412,0.11
19:55:53.423,0.08
19:55:53.433,0.10
19:55:53.444,0.97
19:55:53.455,4.01
19:55:53.465,0.07
19:55:53.475,0.07
19:55:53.486,0.09
19:55:53.496,0.08
19:55:53.507,0.10
19:55:53.517,0.08
19:55:53.528,0.07
19:55:53.538,0.15
19:55:53.549,0.10
19:55:53.560,0.06
19:55:53.570,0.06
19:55:53.580,0.04
19:55:53.590,0.07
19:55:53.601,0.08
19:55:53.611,0.06
19:55:53.622,0.09
19:55:53.632,0.08
19:55:53.643,0.05
19:55:53.653,0.04
19:55:53.663,0.06
19:55:53.673,0.08
19:55:53.684,0.05
19:55:53.694,0.04
19:55:53.705,0.12
19:55:53.715,0.10
19:55:53.725,0.59
19:55:53.736,0.07
19:55:53.746,0.55
19:55:53.757,0.08
19:55:53.767,0.10
19:55:53.778,0.07
19:55:53.788,0.06
19:55:53.799,0.09
19:55:53.809,0.07
19:55:53.819,0.05
19:55:53.830,0.06
19:55:53.840,0.11
19:55:53.851,0.06
19:55:53.861,0.07
19:55:53.871,0.06
19:55:53.881,0.05
19:55:53.892,0.05
19:55:53.902,0.17
19:55:53.913,0.06
19:55:53.923,0.09
19:55:53.933,0.18
19:55:53.944,0.39
19:55:53.954,0.06
19:55:53.964,0.08
19:55:53.975,0.23
19:55:53.986,0.10
19:55:53.996,0.05
19:55:54.007,0.06
19:55:54.017,0.06
19:55:54.027,0.06
19:55:54.038,0.05
19:55:54.049,0.07
19:55:54.059,0.07
19:55:54.070,0.06
19:55:54.080,0.08
19:55:54.090,0.05
19:55:54.101,0.07
19:55:54.111,0.06
19:55:54.122,0.06
19:55:54.132,0.30
19:55:54.143,0.21
19:55:54.153,0.07
19:55:54.163,0.19
19:55:54.174,0.17
19:55:54.184,0.08
19:55:54.195,0.75
19:55:54.205,0.08
19:55:54.216,0.05
19:55:54.226,0.58
19:55:54.236,0.07
19:55:54.247,0.08
19:55:54.257,0.76
19:55:54.268,0.07
19:55:54.278,0.08
19:55:54.289,0.97
19:55:54.300,0.13
19:55:54.310,0.09
19:55:54.320,0.58
19:55:54.331,0.08
19:55:54.341,3.32
19:55:54.351,0.07
19:55:54.362,0.10
19:55:54.372,0.11
19:55:54.383,0.60
19:55:54.393,0.06
19:55:54.404,0.16
19:55:54.414,0.24
19:55:54.425,0.09
19:55:54.435,0.10
19:55:54.445,2.16
19:55:54.456,0.62
19:55:54.466,0.08
19:55:54.477,0.21
19:55:54.487,0.06
19:55:54.497,0.07
19:55:54.508,1.08
19:55:54.518,0.05
19:55:54.529,0.10
19:55:54.539,0.06
19:55:54.549,0.06
19:55:54.560,0.12
19:55:54.570,0.37
19:55:54.581,0.10
19:55:54.591,0.11
19:55:54.602,0.33
19:55:54.612,0.04
19:55:54.623,0.07
19:55:54.633,0.47
19:55:54.643,1.89
19:55:54.654,0.07
19:55:54.664,0.72
19:55:54.674,0.13
19:55:54.685,0.06
19:55:54.695,0.53
19:55:54.706,0.06
19:55:54.716,0.10
19:55:54.726,1.05
19:55:54.737,0.08
19:55:54.747,0.05
19:55:54.758,0.15
19:55:54.768,0.11
19:55:54.779,0.08
19:55:54.789,0.58
19:55:54.799,0.08
19:55:54.810,0.10
19:55:54.820,0.04
19:55:54.831,0.05
19:55:54.841,0.11
19:55:54.852,0.06
19:55:54.862,0.07
19:55:54.873,0.12
19:55:54.883,0.32
19:55:54.894,0.06
19:55:54.904,0.09
19:55:54.915,0.08
19:55:54.925,0.06
19:55:54.935,0.08
19:55:54.946,0.65
19:55:54.956,0.08
19:55:54.966,0.07
19:55:54.977,0.07
19:55:54.988,0.06
19:55:54.998,0.08
19:55:55.009,0.09
19:55:55.019,0.08
19:55:55.029,0.07
19:55:55.040,0.07
19:55:55.050,0.06
19:55:55.061,0.10
19:55:55.071,0.06
19:55:55.082,0.07
19:55:55.092,0.10
19:55:55.103,0.08
19:55:55.115,0.27
19:55:55.125,0.06
19:55:55.136,0.08
19:55:55.146,0.69
19:55:55.156,0.05
19:55:55.167,0.09
19:55:55.177,0.28
19:55:55.188,0.08
19:55:55.199,0.06
19:55:55.209,0.25
19:55:55.219,0.07
19:55:55.230,0.11
19:55:55.241,0.54
19:55:55.251,0.08
19:55:55.262,0.08
19:55:55.272,0.93
19:55:55.283,0.06
19:55:55.293,0.06
19:55:55.304,0.07
19:55:55.314,0.10
19:55:55.325,0.06
19:55:55.335,0.09
19:55:55.346,0.05
19:55:55.356,0.05
19:55:55.366,0.12
19:55:55.377,0.06
19:55:55.387,0.08
19:55:55.398,0.10
19:55:55.408,0.09
19:55:55.418,0.09
19:55:55.429,0.09
19:55:55.439,0.07
19:55:55.451,0.26
19:55:55.461,0.06
19:55:55.471,0.08
19:55:55.482,0.08
19:55:55.492,0.08
19:55:55.503,0.08
19:55:55.513,0.07
19:55:55.523,0.07
19:55:55.534,0.12
19:55:55.544,1.26
19:55:55.556,0.34
19:55:55.567,0.08
19:55:55.577,0.07
19:55:55.588,0.07
19:55:55.598,0.08
19:55:55.609,0.09
19:55:55.619,0.12
19:55:55.630,0.06
19:55:55.640,0.12
19:55:55.651,0.05
19:55:55.661,0.10
19:55:55.671,0.09
19:55:55.682,0.08
19:55:55.693,0.05
19:55:55.703,0.09
19:55:55.714,0.13
19:55:55.724,0.56
19:55:55.735,0.07
19:55:55.745,0.07
19:55:55.755,0.87
19:55:55.765,0.10
19:55:55.777,0.11
19:55:55.787,0.08
19:55:55.798,0.07
19:55:55.809,0.10
19:55:55.819,0.05
19:55:55.830,0.14
19:55:55.840,0.12
19:55:55.851,0.05
19:55:55.861,0.10
19:55:55.872,0.06
19:55:55.882,0.05
19:55:55.892,0.05
19:55:55.902,0.24
19:55:55.913,0.08
19:55:55.923,0.06
19:55:55.934,0.13
19:55:55.944,0.10
19:55:55.955,0.06
19:55:55.965,0.07
19:55:55.975,0.06
19:55:55.986,0.06
19:55:55.996,0.23
19:55:56.007,0.09
19:55:56.017,0.07
19:55:56.027,0.06
19:55:56.038,0.07
19:55:56.048,0.07
19:55:56.058,0.06
19:55:56.069,0.08
19:55:56.079,0.06
19:55:56.089,0.05
19:55:56.100,0.09
19:55:56.110,0.04
19:55:56.120,0.05
19:55:56.131,0.06
19:55:56.141,3.79
19:55:56.152,0.07
19:55:56.162,0.07
19:55:56.172,0.07
19:55:56.183,0.09
19:55:56.193,0.10
19:55:56.203,0.12
19:55:56.214,0.06
19:55:56.224,0.05
19:55:56.235,0.06
19:55:56.245,0.05
19:55:56.255,0.08
19:55:56.265,0.12
19:55:56.277,0.08
19:55:56.287,0.07
19:55:56.298,0.05
19:55:56.308,0.09
19:55:56.318,0.09
19:55:56.329,0.06
19:55:56.339,0.11
19:55:56.349,0.06
19:55:56.360,0.07
19:55:56.370,0.07
19:55:56.380,0.09
19:55:56.391,0.12
19:55:56.401,0.08
19:55:56.412,0.11
19:55:56.423,0.08
19:55:56.433,0.10
19:55:56.444,3.18
19:55:56.454,5.36
19:55:56.464,0.08
19:55:56.475,0.09
19:55:56.485,0.05
19:55:56.495,0.04
19:55:56.506,0.06
19:55:56.516,0.07
19:55:56.527,0.11
19:55:56.537,0.07
19:55:56.548,0.04
19:55:56.558,0.08
19:55:56.569,0.11
19:55:56.579,0.08
19:55:56.590,0.11
19:55:56.600,0.13
19:55:56.611,0.04
19:55:56.621,0.08
19:55:56.631,0.08
19:55:56.642,0.08
19:55:56.652,0.09
19:55:56.662,0.04
19:55:56.672,0.06
19:55:56.682,0.07
19:55:56.693,0.08
19:55:56.703,0.09
19:55:56.713,0.08
19:55:56.724,0.10
19:55:56.734,0.12
19:55:56.744,1.33
19:55:56.755,0.05
19:55:56.765,0.11
19:55:56.776,0.12
19:55:56.786,0.06
19:55:56.796,0.15
19:55:56.807,0.11
19:55:56.818,0.06
19:55:56.828,0.09
19:55:56.838,0.09
19:55:56.849,0.11
19:55:56.859,0.09
19:55:56.869,0.10
19:55:56.880,0.08
19:55:56.890,0.14
19:55:56.901,0.07
19:55:56.911,0.06
19:55:56.921,0.05
19:55:56.932,0.08
19:55:56.942,0.09
19:55:56.953,0.07
19:55:56.963,0.06
19:55:56.973,0.06
19:55:56.984,0.09
19:55:56.994,0.11
19:55:57.005,0.52
19:55:57.015,0.05
19:55:57.026,0.05
19:55:57.036,0.28
19:55:57.047,0.07
19:55:57.057,0.08
19:55:57.067,0.81
19:55:57.078,0.08
19:55:57.088,0.07
19:55:57.099,0.31
19:55:57.109,0.06
19:55:57.120,0.08
19:55:57.130,1.55
19:55:57.140,0.10
19:55:57.151,0.12
19:55:57.161,0.22
19:55:57.172,0.08
19:55:57.183,0.15
19:55:57.193,0.21
19:55:57.203,0.10
19:55:57.214,0.09
19:55:57.224,0.18
19:55:57.235,0.08
19:55:57.245,0.07
19:55:57.255,0.40
19:55:57.266,0.08
19:55:57.276,0.07
19:55:57.286,0.57
19:55:57.298,0.09
19:55:57.308,0.10
19:55:57.318,0.10
19:55:57.329,0.09
19:55:57.339,0.09
19:55:57.349,0.08
19:55:57.360,0.11
19:55:57.370,0.17
19:55:57.381,0.08
19:55:57.391,0.08
19:55:57.402,0.11
19:55:57.412,0.09
19:55:57.422,0.13
19:55:57.433,0.11
19:55:57.443,4.86
19:55:57.454,4.09
19:55:57.464,0.41
19:55:57.475,0.17
19:55:57.485,0.12
19:55:57.496,0.10
19:55:57.506,0.07
19:55:57.516,0.07
19:55:57.527,0.11
19:55:57.538,0.10
19:55:57.548,0.07
19:55:57.559,0.10
19:55:57.569,0.08
19:55:57.580,0.52
19:55:57.590,0.10
19:55:57.600,0.10
19:55:57.611,0.51
19:55:57.621,0.07
19:55:57.632,0.07
19:55:57.642,1.82
19:55:57.653,0.06
19:55:57.663,0.08
19:55:57.673,0.07
19:55:57.684,0.06
19:55:57.694,0.07
19:55:57.704,0.08
19:55:57.715,0.04
19:55:57.726,0.06
19:55:57.736,0.08
19:55:57.746,0.05
19:55:57.757,0.10
19:55:57.767,0.06
19:55:57.777,0.54
19:55:57.788,0.13
19:55:57.798,0.11
19:55:57.808,0.08
19:55:57.818,0.11
19:55:57.829,0.07
19:55:57.839,0.14
19:55:57.850,0.09
19:55:57.860,0.15
19:55:57.871,0.10
19:55:57.881,0.12
19:55:57.892,0.09
19:55:57.902,0.11
19:55:57.913,0.10
19:55:57.923,0.14
19:55:57.934,0.12
19:55:57.944,1.55
19:55:57.954,0.07
19:55:57.965,0.11
19:55:57.975,0.09
19:55:57.986,0.13
19:55:57.996,0.09
19:55:58.007,0.09
19:55:58.017,0.12
19:55:58.028,0.08
19:55:58.038,0.09
19:55:58.049,0.10
19:55:58.060,0.09
19:55:58.070,0.13
19:55:58.081,0.08
19:55:58.091,0.11
19:55:58.102,0.08
19:55:58.112,0.09
19:55:58.122,0.07
19:55:58.133,0.08
19:55:58.143,0.12
19:55:58.154,0.09
19:55:58.164,0.10
19:55:58.175,0.10
19:55:58.185,0.09
19:55:58.195,0.12
19:55:58.206,0.09
19:55:58.216,0.11
19:55:58.227,0.08
19:55:58.237,0.08
19:55:58.248,0.06
19:55:58.258,0.09
19:55:58.269,0.09
19:55:58.279,0.06
19:55:58.290,0.09
19:55:58.300,0.08
19:55:58.311,0.04
19:55:58.321,0.10
19:55:58.332,0.07
19:55:58.342,0.05
19:55:58.352,0.05
19:55:58.363,0.05
19:55:58.373,0.06
19:55:58.383,0.07
19:55:58.393,0.08
19:55:58.404,0.09
19:55:58.415,0.10
19:55:58.425,0.07
19:55:58.435,0.12
19:55:58.445,0.83
19:55:58.455,3.03
19:55:58.466,0.08
19:55:58.476,0.09
19:55:58.486,0.05
19:55:58.496,0.13
19:55:58.507,0.09
19:55:58.518,0.07
19:55:58.528,0.07
19:55:58.539,0.11
19:55:58.552,0.10
19:55:58.562,0.10
19:55:58.572,0.16
19:55:58.582,0.05
19:55:58.593,0.08
19:55:58.603,0.08
19:55:58.614,0.06
19:55:58.625,0.12
19:55:58.635,0.36
19:55:58.645,0.09
19:55:58.656,0.17
19:55:58.666,0.09
19:55:58.676,0.12
19:55:58.687,0.06
19:55:58.697,0.06
19:55:58.708,0.08
19:55:58.718,0.63
19:55:58.728,0.08
19:55:58.739,0.06
19:55:58.749,0.24
19:55:58.759,0.07
19:55:58.770,0.10
19:55:58.780,0.82
19:55:58.790,0.10
19:55:58.801,0.07
19:55:58.811,0.37
19:55:58.822,0.40
19:55:58.832,0.14
19:55:58.843,2.72
19:55:58.853,0.09
19:55:58.864,0.06
19:55:58.874,0.08
19:55:58.885,0.07
19:55:58.895,0.10
19:55:58.906,0.35
19:55:58.916,0.15
19:55:58.927,0.08
19:55:58.937,0.62
19:55:58.948,0.08
19:55:58.958,0.30
19:55:58.968,0.18
19:55:58.979,0.12
19:55:58.989,0.07
19:55:59.000,0.96
19:55:59.010,0.12
19:55:59.021,0.06
19:55:59.031,0.07
19:55:59.042,0.07
19:55:59.052,0.06
19:55:59.062,0.08
19:55:59.073,0.05
19:55:59.085,0.11
19:55:59.095,0.07
19:55:59.105,0.06
19:55:59.116,0.06
19:55:59.126,0.10
19:55:59.136,0.42
19:55:59.147,0.10
19:55:59.157,0.05
19:55:59.168,0.11
19:55:59.178,0.06
19:55:59.189,0.06
19:55:59.199,0.12
19:55:59.210,0.07
19:55:59.220,0.08
19:55:59.230,0.07
19:55:59.241,0.14
19:55:59.251,0.06
19:55:59.261,0.06
19:55:59.272,0.08
19:55:59.283,0.07
19:55:59.293,0.06
19:55:59.304,0.11
19:55:59.314,0.11
19:55:59.325,0.08
19:55:59.335,0.10
19:55:59.346,0.10
19:55:59.356,0.11
19:55:59.367,0.09
19:55:59.378,0.10
19:55:59.388,0.40
19:55:59.399,0.09
19:55:59.409,0.08
19:55:59.419,0.73
19:55:59.430,0.19
19:55:59.440,0.08
19:55:59.451,0.08
19:55:59.461,3.71
19:55:59.472,0.17
19:55:59.482,0.09
19:55:59.493,0.14
19:55:59.503,0.19
19:55:59.514,0.08
19:55:59.524,0.11
19:55:59.534,0.10
19:55:59.545,0.08
19:55:59.555,0.09
19:55:59.565,0.10
19:55:59.576,0.08
19:55:59.586,0.10
19:55:59.597,0.07
19:55:59.607,0.12
19:55:59.617,0.10
19:55:59.628,0.08
19:55:59.638,0.11
19:55:59.649,0.08
19:55:59.659,0.14
19:55:59.670,0.08
19:55:59.680,0.09
19:55:59.690,0.11
19:55:59.701,0.11
19:55:59.711,0.08
19:55:59.722,0.06
19:55:59.732,0.15
19:55:59.742,2.66
19:55:59.752,0.04
19:55:59.763,0.08
19:55:59.774,0.07
19:55:59.784,0.07
19:55:59.795,0.07
19:55:59.805,0.11
19:55:59.815,0.09
19:55:59.826,0.07
19:55:59.836,0.10
19:55:59.847,0.08
19:55:59.857,0.07
19:55:59.868,0.09
19:55:59.878,0.14
19:55:59.888,0.05
19:55:59.899,0.07
19:55:59.909,0.12
19:55:59.919,0.13
19:55:59.930,0.10
19:55:59.940,0.12
19:55:59.950,0.11
19:55:59.961,0.05
19:55:59.971,0.07
19:55:59.981,0.07
19:55:59.992,0.08
19:56:00.002,0.07
19:56:00.012,0.08
19:56:00.023,0.09
19:56:00.033,0.11
19:56:00.043,1.78
19:56:00.054,0.09
19:56:00.064,0.08
19:56:00.075,0.08
19:56:00.085,0.07
19:56:00.096,0.08
19:56:00.106,0.05
19:56:00.117,0.07
19:56:00.127,0.08
19:56:00.138,0.09
19:56:00.148,0.05
19:56:00.159,0.05
19:56:00.169,0.06
19:56:00.180,0.06
19:56:00.190,0.08
19:56:00.201,0.08
19:56:00.211,0.10
19:56:00.222,0.11
19:56:00.232,0.06
19:56:00.242,0.05
19:56:00.253,0.14
19:56:00.263,0.06
19:56:00.273,0.07
19:56:00.284,0.08
19:56:00.294,0.05
19:56:00.305,0.07
19:56:00.315,0.08
19:56:00.326,0.04
19:56:00.337,0.29
19:56:00.347,0.08
19:56:00.357,0.06
19:56:00.368,0.10
19:56:00.378,0.07
19:56:00.389,0.06
19:56:00.399,0.07
19:56:00.410,0.12
19:56:00.420,0.07
19:56:00.431,0.06
19:56:00.441,0.34
19:56:00.452,0.07
19:56:00.462,0.35
19:56:00.472,inf
19:56:05.484,18.37
19:56:05.503,0.72
19:56:05.513,0.07
19:56:05.524,0.08
19:56:05.534,inf
19:56:10.534,35.70
19:56:10.569,0.89
19:56:10.580,inf
19:56:15.587,27.03
19:56:15.614,0.79
19:56:15.625,80.60
19:56:15.704,1.59
19:56:15.716,inf
