time,private_mb,working_set_mb,peak_working_set_mb
20:02:15.472,193.3,202.9,247.5
20:02:15.572,193.3,202.9,247.5
20:02:15.673,193.3,202.9,247.5
20:02:15.773,193.3,202.9,247.5
20:02:15.874,193.3,202.9,247.5
20:02:15.974,193.3,202.9,247.5
20:02:16.075,193.3,202.9,247.5
20:02:16.176,193.3,202.9,247.5
20:02:16.276,193.3,202.9,247.5
20:02:16.376,193.3,202.9,247.5
20:02:16.477,193.3,202.9,247.5
20:02:16.577,193.3,202.9,247.5
20:02:16.678,193.3,202.9,247.5
20:02:16.778,193.3,202.9,247.5
20:02:16.878,193.3,202.9,247.5
20:02:16.979,193.3,202.9,247.5
20:02:17.079,193.3,202.9,247.5
20:02:17.180,193.3,202.9,247.5
20:02:17.280,193.3,202.9,247.5
20:02:17.380,193.3,202.9,247.5
20:02:17.481,193.3,202.9,247.5
20:02:17.581,193.3,202.9,247.5
20:02:17.681,193.3,202.9,247.5
20:02:17.782,193.3,202.9,247.5
20:02:17.882,193.3,202.9,247.5
20:02:17.983,193.3,202.9,247.5
20:02:18.083,193.3,202.9,247.5
20:02:18.183,193.3,202.9,247.5
20:02:18.284,193.3,202.9,247.5
20:02:18.384,193.3,202.9,247.5
20:02:18.484,193.3,202.9,247.5
20:02:18.586,193.3,202.9,247.5
20:02:18.686,193.3,202.9,247.5
20:02:18.786,193.3,202.9,247.5
20:02:18.887,193.3,202.9,247.5
20:02:18.987,193.3,202.9,247.5
20:02:19.088,193.3,202.9,247.5
20:02:19.188,193.3,202.9,247.5
20:02:19.288,193.3,202.9,247.5
20:02:19.389,193.3,202.9,247.5
20:02:19.489,193.3,202.9,247.5
20:02:19.590,193.3,202.9,247.5
20:02:19.690,193.3,202.9,247.5
20:02:19.791,193.3,202.9,247.5
20:02:19.891,193.3,202.9,247.5
20:02:19.992,193.6,203.2,247.5
20:02:20.093,193.6,203.2,247.5
20:02:20.193,193.6,203.2,247.5
20:02:20.294,193.6,203.2,247.5
20:02:20.394,193.6,203.2,247.5
20:02:20.494,193.6,203.2,247.5
20:02:20.595,193.6,203.2,247.5
20:02:20.696,193.6,203.2,247.5
20:02:20.796,193.6,203.2,247.5
20:02:20.896,193.6,203.2,247.5
20:02:20.997,193.6,203.2,247.5
20:02:21.098,193.6,203.2,247.5
20:02:21.198,193.6,203.2,247.5
20:02:21.299,193.6,203.2,247.5
20:02:21.399,193.6,203.2,247.5
20:02:21.499,193.6,203.2,247.5
20:02:21.600,193.6,203.2,247.5
20:02:21.700,193.6,203.2,247.5
20:02:21.801,193.6,203.2,247.5
20:02:21.902,193.6,203.2,247.5
20:02:22.002,193.6,203.2,247.5
20:02:22.102,193.6,203.2,247.5
20:02:22.203,193.6,203.2,247.5
20:02:22.303,193.6,203.2,247.5
20:02:22.404,193.6,203.2,247.5
20:02:22.504,193.6,203.2,247.5
20:02:22.605,193.6,203.2,247.5
20:02:22.705,193.6,203.2,247.5
20:02:22.806,193.6,203.2,247.5
20:02:22.906,193.6,203.2,247.5
20:02:23.007,193.6,203.2,247.5
20:02:23.107,193.6,202.9,247.5
20:02:23.208,193.6,202.9,247.5
20:02:23.308,193.6,202.9,247.5
20:02:23.408,193.6,202.9,247.5
20:02:23.509,193.6,202.9,247.5
20:02:23.609,193.6,202.9,247.5
20:02:23.710,193.6,202.9,247.5
20:02:23.810,193.6,202.9,247.5
20:02:23.911,193.6,202.9,247.5
20:02:24.011,193.6,202.9,247.5
20:02:24.112,193.6,202.7,247.5
20:02:24.212,193.6,202.7,247.5
20:02:24.313,193.6,202.7,247.5
20:02:24.413,193.6,202.7,247.5
20:02:24.513,193.6,202.7,247.5
20:02:24.614,193.6,202.7,247.5
20:02:24.715,193.6,202.7,247.5
20:02:24.815,193.6,202.7,247.5
20:02:24.916,193.6,202.7,247.5
20:02:25.017,193.6,202.7,247.5
20:02:25.117,193.6,202.2,247.5
20:02:25.218,193.6,202.2,247.5
20:02:25.318,193.6,202.2,247.5
20:02:25.418,193.6,202.2,247.5
20:02:25.519,193.6,202.2,247.5
20:02:25.619,193.6,202.2,247.5
20:02:25.720,193.6,202.2,247.5
20:02:25.821,193.6,202.2,247.5
20:02:25.922,193.6,202.2,247.5
20:02:26.022,193.6,202.2,247.5
20:02:26.122,193.6,201.6,247.5
20:02:26.223,193.6,201.6,247.5
20:02:26.323,193.6,201.6,247.5
20:02:26.424,193.6,201.6,247.5
20:02:26.524,193.6,201.6,247.5
20:02:26.624,193.6,201.6,247.5
20:02:26.725,193.6,201.6,247.5
20:02:26.825,193.6,201.6,247.5
20:02:26.926,193.6,201.6,247.5
20:02:27.026,193.6,201.6,247.5
20:02:27.126,193.6,201.0,247.5
20:02:27.227,193.6,201.0,247.5
20:02:27.328,193.6,201.0,247.5
20:02:27.428,193.6,201.0,247.5
20:02:27.528,193.6,201.0,247.5
20:02:27.629,193.6,201.0,247.5
20:02:27.729,193.6,201.0,247.5
20:02:27.830,193.6,201.0,247.5
20:02:27.930,193.6,201.0,247.5
20:02:28.031,193.6,201.0,247.5
20:02:28.131,193.6,200.4,247.5
20:02:28.232,193.6,200.4,247.5
20:02:28.332,193.6,200.4,247.5
20:02:28.433,193.6,200.4,247.5
20:02:28.533,193.6,200.4,247.5
20:02:28.634,193.6,200.4,247.5
20:02:28.734,193.6,200.4,247.5
20:02:28.834,193.6,200.4,247.5
20:02:28.935,193.6,200.4,247.5
20:02:29.036,193.6,200.4,247.5
20:02:29.136,193.6,199.8,247.5
20:02:29.236,193.6,199.8,247.5
20:02:29.336,193.6,199.8,247.5
20:02:29.437,193.6,199.8,247.5
20:02:29.537,193.6,199.8,247.5
20:02:29.638,193.6,199.8,247.5
20:02:29.739,193.6,199.8,247.5
20:02:29.840,193.6,199.8,247.5
20:02:29.940,193.6,199.8,247.5
20:02:30.041,193.6,199.8,247.5
20:02:30.141,193.6,199.2,247.5
20:02:30.242,193.6,199.2,247.5
20:02:30.342,193.6,199.2,247.5
20:02:30.443,193.6,199.2,247.5
20:02:30.543,193.6,199.2,247.5
20:02:30.643,201.5,205.7,247.5
20:02:30.744,193.6,199.2,247.5
20:02:30.844,193.6,199.2,247.5
20:02:30.944,201.5,207.1,247.5
20:02:31.045,193.6,199.2,247.5
20:02:31.145,193.6,198.6,247.5
20:02:31.246,193.6,198.6,247.5
20:02:31.346,193.6,198.6,247.5
20:02:31.446,193.6,198.6,247.5
20:02:31.546,193.6,198.6,247.5
20:02:31.647,193.6,198.6,247.5
20:02:31.747,193.6,198.6,247.5
20:02:31.848,193.6,198.6,247.5
20:02:31.948,193.6,198.6,247.5
20:02:32.049,193.6,198.6,247.5
20:02:32.149,193.6,198.0,247.5
20:02:32.250,193.6,198.0,247.5
20:02:32.350,193.6,198.0,247.5
20:02:32.451,193.6,198.0,247.5
20:02:32.551,193.6,198.0,247.5
20:02:32.651,193.6,198.0,247.5
20:02:32.752,193.6,198.0,247.5
20:02:32.852,193.6,198.0,247.5
20:02:32.953,193.6,198.0,247.5
20:02:33.053,193.6,198.0,247.5
20:02:33.154,193.6,197.4,247.5
20:02:33.254,193.6,197.4,247.5
20:02:33.354,193.6,197.4,247.5
20:02:33.455,193.6,197.4,247.5
20:02:33.555,193.6,197.4,247.5
20:02:33.656,193.6,197.4,247.5
20:02:33.757,193.6,197.4,247.5
20:02:33.857,193.6,197.4,247.5
20:02:33.958,193.6,197.4,247.5
20:02:34.058,193.6,197.4,247.5
20:02:34.158,193.6,196.8,247.5
20:02:34.259,193.6,196.8,247.5
20:02:34.359,193.6,196.8,247.5
20:02:34.459,193.6,196.8,247.5
20:02:34.560,193.6,196.8,247.5
20:02:34.661,193.6,196.8,247.5
20:02:34.761,193.6,196.8,247.5
20:02:34.861,193.6,196.8,247.5
20:02:34.962,193.6,196.8,247.5
20:02:35.062,193.6,196.8,247.5
20:02:35.163,193.6,196.2,247.5
20:02:35.263,193.6,196.2,247.5
20:02:35.364,193.6,196.2,247.5
20:02:35.464,193.6,196.2,247.5
20:02:35.565,193.6,196.2,247.5
20:02:35.665,193.6,196.2,247.5
20:02:35.766,193.6,196.2,247.5
20:02:35.866,193.6,196.2,247.5
20:02:35.967,193.6,196.2,247.5
20:02:36.067,193.6,196.2,247.5
20:02:36.167,193.6,195.6,247.5
20:02:36.268,193.6,195.6,247.5
20:02:36.369,193.6,195.6,247.5
20:02:36.469,193.6,195.6,247.5
20:02:36.570,193.6,195.6,247.5
20:02:36.670,193.6,195.6,247.5
20:02:36.770,193.6,195.6,247.5
20:02:36.871,193.6,195.6,247.5
20:02:36.972,193.6,195.6,247.5
20:02:37.072,193.6,195.4,247.5
20:02:37.173,193.6,195.4,247.5
20:02:37.273,193.6,195.4,247.5
20:02:37.374,193.6,195.4,247.5
20:02:37.474,193.6,195.4,247.5
20:02:37.574,193.6,195.4,247.5
20:02:37.675,193.6,195.4,247.5
20:02:37.775,193.6,195.4,247.5
20:02:37.876,193.6,195.4,247.5
20:02:37.976,193.6,195.4,247.5
20:02:38.076,193.6,195.1,247.5
20:02:38.177,193.6,195.1,247.5
20:02:38.278,193.6,195.1,247.5
20:02:38.378,193.6,195.1,247.5
20:02:38.479,193.6,195.1,247.5
20:02:38.579,193.6,195.1,247.5
20:02:38.680,193.6,195.1,247.5
20:02:38.780,193.6,195.1,247.5
20:02:38.881,193.6,195.1,247.5
20:02:38.981,193.6,195.1,247.5
20:02:39.081,193.6,194.5,247.5
20:02:39.182,193.6,194.5,247.5
20:02:39.283,193.6,194.5,247.5
20:02:39.383,193.6,194.5,247.5
20:02:39.484,193.6,194.5,247.5
20:02:39.584,193.6,194.5,247.5
20:02:39.685,193.6,194.5,247.5
20:02:39.785,193.6,194.5,247.5
20:02:39.885,193.6,194.5,247.5
20:02:39.986,193.6,194.5,247.5
20:02:40.086,193.7,194.0,247.5
20:02:40.186,193.7,194.0,247.5
20:02:40.287,193.7,194.0,247.5
20:02:40.387,193.7,194.0,247.5
20:02:40.488,193.7,194.0,247.5
20:02:40.588,193.7,194.0,247.5
20:02:40.689,193.7,194.0,247.5
20:02:40.789,193.7,194.0,247.5
20:02:40.890,193.7,194.0,247.5
20:02:40.990,193.7,194.0,247.5
20:02:41.091,193.7,193.5,247.5
20:02:41.191,193.7,193.5,247.5
20:02:41.291,193.7,193.5,247.5
20:02:41.392,193.7,193.5,247.5
20:02:41.493,193.7,193.5,247.5
20:02:41.593,193.7,193.5,247.5
20:02:41.694,193.7,193.5,247.5
20:02:41.794,193.7,193.5,247.5
20:02:41.895,193.7,193.5,247.5
20:02:41.995,193.7,193.5,247.5
20:02:42.096,193.7,192.9,247.5
20:02:42.196,193.7,192.9,247.5
20:02:42.297,193.7,192.9,247.5
20:02:42.397,193.7,192.9,247.5
20:02:42.498,193.7,192.9,247.5
20:02:42.598,193.7,192.9,247.5
20:02:42.699,193.7,192.9,247.5
20:02:42.799,193.7,192.9,247.5
20:02:42.899,193.7,192.9,247.5
20:02:43.000,193.7,192.9,247.5
20:02:43.100,193.7,192.9,247.5
20:02:43.201,193.7,192.9,247.5
20:02:43.301,193.7,192.9,247.5
20:02:43.402,193.7,192.9,247.5
20:02:43.502,193.7,192.9,247.5
20:02:43.603,193.7,192.9,247.5
20:02:43.703,193.7,192.9,247.5
20:02:43.803,193.7,192.9,247.5
20:02:43.904,193.7,192.9,247.5
20:02:44.004,193.7,192.9,247.5
20:02:44.105,193.7,192.9,247.5
20:02:44.206,193.7,192.9,247.5
20:02:44.306,193.7,192.9,247.5
20:02:44.407,193.7,192.9,247.5
20:02:44.507,193.7,192.9,247.5
20:02:44.608,193.7,192.9,247.5
20:02:44.708,193.7,192.9,247.5
20:02:44.809,193.7,192.9,247.5
20:02:44.909,193.7,192.9,247.5
20:02:45.010,193.7,192.9,247.5
20:02:45.110,193.7,192.9,247.5
20:02:45.211,193.7,192.9,247.5
20:02:45.311,193.7,192.9,247.5
20:02:45.411,193.7,192.9,247.5
20:02:45.512,193.7,192.9,247.5
20:02:45.612,193.7,192.9,247.5
20:02:45.713,193.7,192.9,247.5
20:02:45.813,193.7,192.9,247.5
20:02:45.914,193.7,192.9,247.5
20:02:46.014,193.7,192.9,247.5
20:02:46.114,193.7,192.9,247.5
20:02:46.215,193.7,192.9,247.5
20:02:46.316,193.7,192.9,247.5
20:02:46.416,193.7,192.9,247.5
20:02:46.516,193.7,192.9,247.5
20:02:46.617,193.7,192.9,247.5
20:02:46.717,193.7,192.9,247.5
20:02:46.818,193.7,192.9,247.5
20:02:46.918,193.7,192.9,247.5
20:02:47.019,193.7,192.9,247.5
20:02:47.119,193.7,192.9,247.5
20:02:47.219,193.8,193.0,247.5
20:02:47.320,193.8,193.0,247.5
20:02:47.420,193.8,193.0,247.5
20:02:47.520,193.8,193.0,247.5
20:02:47.620,193.8,193.0,247.5
20:02:47.721,193.8,193.0,247.5
20:02:47.821,193.8,193.0,247.5
20:02:47.922,193.8,193.0,247.5
20:02:48.022,193.8,193.0,247.5
20:02:48.122,193.8,193.0,247.5
20:02:48.223,193.8,193.0,247.5
20:02:48.323,193.8,193.0,247.5
20:02:48.423,193.8,193.0,247.5
20:02:48.524,193.8,193.0,247.5
20:02:48.625,193.8,193.0,247.5
20:02:48.725,193.8,193.0,247.5
20:02:48.825,193.8,193.0,247.5
20:02:48.926,193.8,193.0,247.5
20:02:49.026,193.8,193.0,247.5
20:02:49.127,193.8,193.0,247.5
20:02:49.227,193.8,193.0,247.5
20:02:49.327,193.8,193.0,247.5
20:02:49.428,193.8,193.0,247.5
20:02:49.528,193.8,193.0,247.5
20:02:49.629,193.8,193.0,247.5
20:02:49.729,193.8,193.0,247.5
20:02:49.830,193.8,193.0,247.5
20:02:49.931,193.8,193.0,247.5
20:02:50.031,193.8,193.0,247.5
20:02:50.132,193.8,193.0,247.5
20:02:50.232,193.8,193.0,247.5
20:02:50.332,193.8,193.0,247.5
20:02:50.433,193.8,193.0,247.5
20:02:50.534,193.8,193.0,247.5
20:02:50.634,193.8,193.0,247.5
20:02:50.735,193.8,193.0,247.5
20:02:50.836,193.8,193.0,247.5
20:02:50.937,193.8,193.0,247.5
20:02:51.037,193.8,193.0,247.5
20:02:51.138,193.8,193.0,247.5
20:02:51.239,193.8,193.0,247.5
20:02:51.339,193.8,193.0,247.5
20:02:51.439,193.8,193.0,247.5
20:02:51.539,193.8,193.0,247.5
20:02:51.640,193.8,193.0,247.5
20:02:51.740,193.8,193.0,247.5
20:02:51.841,193.8,193.0,247.5
20:02:51.941,193.8,193.0,247.5
20:02:52.041,193.8,193.0,247.5
20:02:52.142,193.8,192.4,247.5
20:02:52.242,193.8,192.4,247.5
20:02:52.342,193.8,192.4,247.5
20:02:52.443,193.8,192.4,247.5
20:02:52.543,201.7,197.9,247.5
20:02:52.644,193.8,192.4,247.5
20:02:52.745,193.8,192.4,247.5
20:02:52.845,193.8,192.4,247.5
20:02:52.946,193.8,192.4,247.5
20:02:53.046,193.8,192.4,247.5
20:02:53.147,193.8,191.8,247.5
20:02:53.247,193.8,191.8,247.5
20:02:53.348,193.8,191.8,247.5
20:02:53.448,193.8,191.8,247.5
20:02:53.549,193.8,191.8,247.5
20:02:53.649,193.8,191.8,247.5
20:02:53.750,193.8,191.8,247.5
20:02:53.850,193.8,191.8,247.5
20:02:53.951,193.8,191.8,247.5
20:02:54.051,193.8,191.8,247.5
20:02:54.152,193.8,191.2,247.5
20:02:54.252,193.8,191.2,247.5
20:02:54.353,193.8,191.2,247.5
20:02:54.454,193.8,191.2,247.5
20:02:54.554,193.8,191.2,247.5
20:02:54.654,193.8,191.2,247.5
20:02:54.754,193.8,191.2,247.5
20:02:54.855,193.8,191.2,247.5
20:02:54.955,193.8,191.2,247.5
20:02:55.056,193.8,191.2,247.5
20:02:55.156,193.8,190.7,247.5
20:02:55.257,193.8,190.7,247.5
20:02:55.357,193.8,190.7,247.5
20:02:55.458,193.8,190.7,247.5
